Workbook

Sheet F-SENCILLOS
A1: UNIDADES DE FULL HACIENDO VIAJES DE SENCILLO 12-02-2026 AL DIA 26-02-2026
A2: COMENTARIO | B2: TipoRemolque | C2: NumFase | D2: Status | E2: Viajes.CrUsuario | F2: ID | G2: FechaProgCarga | H2: FechaRealCarga | I2: FechaInicioReal | J2: FechaRealDescarga | K2: ID_Tractor | L2: ID_Operador | M2: Operadores.Descripcion | N2: Clientes.Descripcion | O2: ID_Ruta | P2: Origen | Q2: Destino | R2: Numremision | S2: NumCarga | T2: Kilometros | U2: ImporteFlete | V2: Observaciones | W2: ImporteManiobras | X2: ID_Factura | Y2: ImporteFacturado | Z2: ImporteOtros1 | AA2: ImporteOtros2 | AB2: ImporteAutopistas | AC2: ImporteSeguro | AD2: TotLitros | AE2: ID_Permisionario | AF2: ImporteTotal | AG2: DocumentacionViajeRecibida | AH2: DocumentacionCorrecta | AI2: FechaRecepcionDoctos | AJ2: UsuarioRecibioDoctos | AK2: UsuarioEntregoDoctos | AL2: FechaSeFacturo | AM2: facturas.CrUsuario | AN2: DescripcionRemolque1 | AO2: DescripcionRemolque2
A3: UNIDAD DE FULL PUEBLA | B3: S | C3: 4 | D3: C | E3: OSCARA | F3: 16759 | G3: 46065 | H3: 46065 | I3: 46065 | J3: 46065 | K3: TRA-341 | L3: 00274 | M3: TEHUITZIL MARTINEZ, JOSE REFUGIO | N3: WALMART PUEBLA | O3: HUBP-ALEN | P3: PUEBLA, PUEBLA | Q3: PUEBLA, PUEBLA | R3: 589849-V | S3: 23276864 | T3: 11.4 | U3: 0 | V3: RECOLECCION | W3: 0 | X3: FWP-0240649 | Y3: 281.21 | Z3: 0.13 | AA3: 106.08 | AB3: 175 | AC3: 0 | AD3: 82 | AG3: 0 | AH3: 0 | AL3: 46066.602 | AM3: JUANMGC | AN3: 37UG8M
A4: UNIDAD DE FULL PUEBLA | B4: S | C4: 4 | D4: C | E4: OSCARA | F4: 16760 | G4: 46065 | H4: 46065 | I4: 46065 | J4: 46065 | K4: TRA-341 | L4: 00274 | M4: TEHUITZIL MARTINEZ, JOSE REFUGIO | N4: WALMART PUEBLA | O4: ALEN-HUBP | P4: PUEBLA, PUEBLA | Q4: PUEBLA, PUEBLA | R4: 589849-C | S4: 23276871 | T4: 13.1 | U4: 0 | V4: 260302128 | W4: 0 | X4: FWP-0240710 | Y4: 295.95 | Z4: 0.11 | AA4: 92.39 | AB4: 203.45 | AC4: 0 | AD4: 11 | AG4: 0 | AH4: 0 | AL4: 46066.639 | AM4: JUANMGC | AN4: 430YH5
A5: UNIDAD DE FULL PUEBLA | B5: S | C5: 4 | D5: C | E5: OSCARA | F5: 16762 | G5: 46065 | H5: 46065 | I5: 46065 | J5: 46065 | K5: TRA-341 | L5: 00274 | M5: TEHUITZIL MARTINEZ, JOSE REFUGIO | N5: WALMART PUEBLA | O5: HUBP-ALEN | P5: PUEBLA, PUEBLA | Q5: PUEBLA, PUEBLA | R5: 589850-V | S5: 23276881 | T5: 11.4 | U5: 0 | V5: RECOLECCION | W5: 0 | X5: FWP-0240650 | Y5: 281.21 | Z5: 0.13 | AA5: 106.08 | AB5: 175 | AC5: 0 | AD5: 14 | AG5: 0 | AH5: 0 | AL5: 46066.602 | AM5: JUANMGC | AN5: 720YG5
A6: UNIDAD DE FULL PUEBLA | B6: S | C6: 4 | D6: C | E6: OSCARA | F6: 16766 | G6: 46065 | H6: 46065 | I6: 46065 | J6: 46065 | K6: TRA-341 | L6: 00274 | M6: TEHUITZIL MARTINEZ, JOSE REFUGIO | N6: WALMART PUEBLA | O6: ALEN-HUBP | P6: PUEBLA, PUEBLA | Q6: PUEBLA, PUEBLA | R6: 589850-C | S6: 23276885 | T6: 13.1 | U6: 0 | V6: 260302209 | W6: 0 | X6: FWP-0240711 | Y6: 295.95 | Z6: 0.11 | AA6: 92.39 | AB6: 203.45 | AC6: 0 | AG6: 0 | AH6: 0 | AL6: 46066.64 | AM6: JUANMGC | AN6: 09UG8M
A7: UNIDAD DE FULL PUEBLA | B7: S | C7: 4 | D7: C | E7: ALMAVIVAS | F7: 17147 | G7: 46066 | H7: 46066 | I7: 46067 | J7: 46067 | K7: TRA-214 | L7: 00037 | M7: CAMPOS GARCIA, BOMFILIO | N7: WALMART PUEBLA | O7: HUBP-6312 | P7: PUEBLA, PUEBLA | Q7: PUEBLA, PUEBLA | R7: 604324-C | S7: 23279475 | T7: 14.5 | U7: 0 | V7: 1306840/1306839 / DOC EN COPIA | W7: 0 | X7: FWP-0240808 | Y7: 431.1 | Z7: 131.08 | AA7: 125.02 | AB7: 175 | AC7: 0 | AG7: 1 | AH7: 1 | AI7: 46072.501 | AJ7: ALEJANDRO MENDEZ | AK7: BONIFILIO CAMPOS GARCIA | AL7: 46067.954 | AM7: ALBAAN | AN7: 883YG5
A8: UNIDAD DE FULL PUEBLA | B8: S | C8: 4 | D8: C | E8: ALMAVIVAS | F8: 17148 | G8: 46067 | H8: 46067 | I8: 46067 | J8: 46067 | K8: TRA-214 | L8: 00037 | M8: CAMPOS GARCIA, BOMFILIO | N8: WALMART PUEBLA | O8: 6312-HUBP | P8: PUEBLA, PUEBLA | Q8: PUEBLA, PUEBLA | R8: 604324-V | S8: 23288821 | T8: 12.8 | U8: 0 | V8: 604324-V / DOC EN COPIA | W8: 0 | X8: FWP-0240998 | Y8: 429.54 | Z8: 115.71 | AA8: 110.38 | AB8: 203.45 | AC8: 0 | AG8: 1 | AH8: 1 | AI8: 46072.501 | AJ8: ALEJANDRO MENDEZ | AK8: BONIFILIO CAMPOS GARCIA | AL8: 46069.771 | AM8: CARLOSPC | AN8: 883YG5
A9: UNIDAD DE FULL PUEBLA | B9: S | C9: 4 | D9: C | E9: MONICAH | F9: 17184 | G9: 46066 | H9: 46066 | I9: 46067 | J9: 46067 | K9: TRA-345 | L9: 00702 | M9: TLAPANCO MORALES, JUAN | N9: WALMART PUEBLA | O9: HUBP-6312 | P9: PUEBLA, PUEBLA | Q9: PUEBLA, PUEBLA | R9: 604379-C | S9: 23289789 | T9: 14.5 | U9: 0 | V9: 1306909/1306910 / DOC EN COPIA | W9: 0 | X9: FWP-0241054 | Y9: 431.12 | Z9: 131.08 | AA9: 125.04 | AB9: 175 | AC9: 0 | AG9: 1 | AH9: 1 | AI9: 46072.508 | AJ9: ALEJANDRO MENDEZ | AK9: JUAN TLAPANCO MORALES | AL9: 46069.9 | AM9: JUANMGC | AN9: 335YG4
A10: UNIDAD DE FULL PUEBLA | B10: S | C10: 4 | D10: C | E10: MONICAH | F10: 17185 | G10: 46067 | H10: 46067 | I10: 46067 | J10: 46067 | K10: TRA-345 | L10: 00702 | M10: TLAPANCO MORALES, JUAN | N10: WALMART PUEBLA | O10: 6312-HUBP | P10: PUEBLA, PUEBLA | Q10: PUEBLA, PUEBLA | R10: 604379-V | S10: 23289832 | T10: 12.8 | U10: 0 | V10: 604379-V / DOC EN COPIA | W10: 0 | X10: FWP-0241018 | Y10: 429.54 | Z10: 115.71 | AA10: 110.38 | AB10: 203.45 | AC10: 0 | AG10: 1 | AH10: 1 | AI10: 46072.508 | AJ10: ALEJANDRO MENDEZ | AK10: JUAN TLAPANCO MORALES | AL10: 46069.776 | AM10: CARLOSPC | AN10: 335YG4
A11: UNIDAD DE FULL PUEBLA | B11: S | C11: 4 | D11: C | E11: MONICAH | F11: 17187 | G11: 46066 | H11: 46066 | I11: 46067 | J11: 46067 | K11: TRA-241 | L11: 01108 | M11: SANCHEZ RAMIREZ, EDGAR | N11: WALMART PUEBLA | O11: HUBP-6211 | P11: PUEBLA, PUEBLA | Q11: PUEBLA, PUEBLA | R11: 604380-C | S11: 23277301 | T11: 25.3 | U11: 0 | V11: 1306905/1306906 | W11: 0 | X11: FWP-0240809 | Y11: 448.54 | Z11: 229.62 | AA11: 218.92 | AB11: 0 | AC11: 0 | AG11: 0 | AH11: 0 | AL11: 46067.954 | AM11: ALBAAN | AN11: 30UF3S
A12: UNIDAD DE FULL PUEBLA | B12: S | C12: 4 | D12: C | E12: MONICAH | F12: 17189 | G12: 46066 | H12: 46066 | I12: 46067 | J12: 46067 | K12: TRA-241 | L12: 01108 | M12: SANCHEZ RAMIREZ, EDGAR | N12: WALMART PUEBLA | O12: 6211-HUBP | P12: PUEBLA, PUEBLA | Q12: PUEBLA, PUEBLA | R12: 604380-V | S12: 23288800 | T12: 37 | U12: 0 | V12: 604380-V | W12: 0 | X12: FWP-0241413 | Y12: 959.58 | Z12: 334.48 | AA12: 319.07 | AB12: 306.03 | AC12: 0 | AG12: 0 | AH12: 0 | AL12: 46071.987 | AM12: JUANMGC
A13: UNIDAD DE FULL PUEBLA | B13: S | C13: 4 | D13: C | E13: MONICAH | F13: 17196 | G13: 46066 | H13: 46066 | I13: 46067 | J13: 46067 | K13: TRA-241 | L13: 01108 | M13: SANCHEZ RAMIREZ, EDGAR | N13: WALMART PUEBLA | O13: HUBP-6211 | P13: PUEBLA, PUEBLA | Q13: PUEBLA, PUEBLA | R13: 604206-C | S13: 23281950 | T13: 25.3 | U13: 0 | V13: 1306977 | W13: 0 | X13: FWP-0240812 | Y13: 448.54 | Z13: 229.62 | AA13: 218.92 | AB13: 0 | AC13: 0 | AG13: 0 | AH13: 0 | AL13: 46067.955 | AM13: ALBAAN | AN13: 002YC4
A14: UNIDAD DE FULL PUEBLA | B14: S | C14: 4 | D14: C | E14: MONICAH | F14: 17197 | G14: 46066 | H14: 46066 | I14: 46067 | J14: 46067 | K14: TRA-241 | L14: 01108 | M14: SANCHEZ RAMIREZ, EDGAR | N14: WALMART PUEBLA | O14: 6211-HUBP | P14: PUEBLA, PUEBLA | Q14: PUEBLA, PUEBLA | R14: 604206-V | S14: 23288827 | T14: 37 | U14: 0 | V14: 604206-V | W14: 0 | X14: FWP-0241534 | Y14: 959.58 | Z14: 334.48 | AA14: 319.07 | AB14: 306.03 | AC14: 0 | AG14: 0 | AH14: 0 | AL14: 46072.583 | AM14: ALBAAN
A15: UNIDAD DE FULL PUEBLA | B15: S | C15: 4 | D15: C | E15: JESUSG25 | F15: 17325 | G15: 46067 | H15: 46067 | I15: 46067 | J15: 46067 | K15: TRA-214 | L15: 00037 | M15: CAMPOS GARCIA, BOMFILIO | N15: WALMART PUEBLA | O15: HUBP-6312 | P15: PUEBLA, PUEBLA | Q15: PUEBLA, PUEBLA | R15: 604169-C | S15: 23285747 | T15: 14.5 | U15: 0 | V15: 604169-C | W15: 0 | X15: FWP-0240821 | Y15: 431.1 | Z15: 131.08 | AA15: 125.02 | AB15: 175 | AC15: 0 | AD15: 53 | AG15: 1 | AH15: 1 | AI15: 46072.445 | AJ15: ALEJANDRO MENDEZ | AK15: BONIFILIO CAMPOS GARCIA | AL15: 46067.956 | AM15: ALBAAN | AN15: 454YF4
A16: UNIDAD DE FULL PUEBLA | B16: S | C16: 4 | D16: C | E16: JESUSG25 | F16: 17326 | G16: 46067 | H16: 46067 | I16: 46067 | J16: 46067 | K16: TRA-214 | L16: 00037 | M16: CAMPOS GARCIA, BOMFILIO | N16: WALMART PUEBLA | O16: 6312-HUBP | P16: PUEBLA, PUEBLA | Q16: PUEBLA, PUEBLA | R16: 604169-V | S16: 23288792 | T16: 12.8 | U16: 0 | V16: 604169-V | W16: 0 | X16: FWP-0240997 | Y16: 429.54 | Z16: 115.71 | AA16: 110.38 | AB16: 203.45 | AC16: 0 | AD16: 83 | AG16: 1 | AH16: 1 | AI16: 46072.447 | AJ16: ALEJANDRO MENDEZ | AK16: BONIFILIO CAMPOS GARCIA | AL16: 46069.762 | AM16: CARLOSPC | AN16: 454YF4
A17: UNIDAD DE FULL PUEBLA | B17: S | C17: 4 | D17: C | E17: OSCARA | F17: 17458 | G17: 46067 | H17: 46067 | I17: 46067 | J17: 46067 | K17: TRA-341 | L17: 00274 | M17: TEHUITZIL MARTINEZ, JOSE REFUGIO | N17: WALMART PUEBLA | O17: HUBP-ALEN | P17: PUEBLA, PUEBLA | Q17: PUEBLA, PUEBLA | R17: 589867-V | S17: 23288753 | T17: 11.4 | U17: 0 | V17: RECOLECCION | W17: 0 | X17: FWP-0240948 | Y17: 281.22 | Z17: 0.13 | AA17: 106.09 | AB17: 175 | AC17: 0 | AG17: 1 | AH17: 1 | AI17: 46077.778 | AJ17: SILVIA | AK17: REUGIO TEHIUTZILL MARTINEZ | AL17: 46069.704 | AM17: CARLOSPC | AN17: 498YF4
A18: UNIDAD DE FULL PUEBLA | B18: S | C18: 4 | D18: C | E18: OSCARA | F18: 17460 | G18: 46067 | H18: 46067 | I18: 46067 | J18: 46067 | K18: TRA-341 | L18: 00274 | M18: TEHUITZIL MARTINEZ, JOSE REFUGIO | N18: WALMART PUEBLA | O18: ALEN-HUBP | P18: PUEBLA, PUEBLA | Q18: PUEBLA, PUEBLA | R18: 589867-C | S18: 23288760 | T18: 13.1 | U18: 0 | V18: 260302265 | W18: 0 | X18: FWP-0241041 | Y18: 295.96 | Z18: 0.11 | AA18: 92.4 | AB18: 203.45 | AC18: 0 | AG18: 1 | AH18: 1 | AI18: 46077.778 | AJ18: SILVIA | AK18: JOSE REFUGIO TEHUITZIL MARTINEZ | AL18: 46069.899 | AM18: JUANMGC | AN18: 844YG5
A19: UNIDAD DE FULL PUEBLA | B19: S | C19: 4 | D19: C | E19: OSCARA | F19: 17463 | G19: 46067 | H19: 46067 | I19: 46067 | J19: 46067 | K19: TRA-341 | L19: 00274 | M19: TEHUITZIL MARTINEZ, JOSE REFUGIO | N19: WALMART PUEBLA | O19: HUBP-ALEN | P19: PUEBLA, PUEBLA | Q19: PUEBLA, PUEBLA | R19: 589868-V | S19: 23288767 | T19: 11.4 | U19: 0 | V19: RECOLECCION | W19: 0 | X19: FWP-0240949 | Y19: 281.22 | Z19: 0.13 | AA19: 106.09 | AB19: 175 | AC19: 0 | AG19: 1 | AH19: 1 | AI19: 46077.779 | AJ19: SILVIA | AK19: JOSE REFUGIO TEHUTIZIL MARTINEZ | AL19: 46069.705 | AM19: CARLOSPC | AN19: 507YF4
A20: UNIDAD DE FULL PUEBLA | B20: S | C20: 4 | D20: C | E20: OSCARA | F20: 17466 | G20: 46067 | H20: 46067 | I20: 46067 | J20: 46067 | K20: TRA-341 | L20: 00274 | M20: TEHUITZIL MARTINEZ, JOSE REFUGIO | N20: WALMART PUEBLA | O20: ALEN-HUBP | P20: PUEBLA, PUEBLA | Q20: PUEBLA, PUEBLA | R20: 589868-C | S20: 23288783 | T20: 13.1 | U20: 0 | V20: 260302142 | W20: 0 | X20: FWP-0241042 | Y20: 295.96 | Z20: 0.11 | AA20: 92.4 | AB20: 203.45 | AC20: 0 | AG20: 1 | AH20: 1 | AI20: 46077.779 | AJ20: SILVIA | AK20: JOSE REFUGIO TEHUITZIL MARTINEZ | AL20: 46069.899 | AM20: JUANMGC | AN20: 31YA6C
A21: UNIDAD DE FULL PUEBLA | B21: S | C21: 4 | D21: C | E21: JESUSG25 | F21: 17509 | G21: 46067 | H21: 46067 | I21: 46067 | J21: 46067 | K21: TRA-345 | L21: 00702 | M21: TLAPANCO MORALES, JUAN | N21: WALMART PUEBLA | O21: HUBP-6312 | P21: PUEBLA, PUEBLA | Q21: PUEBLA, PUEBLA | R21: 604189-C | S21: 23287065 | T21: 14.5 | U21: 0 | V21: 604189-C / DOC EN COPIA | W21: 0 | X21: FWP-0240823 | Y21: 431.1 | Z21: 131.08 | AA21: 125.02 | AB21: 175 | AC21: 0 | AD21: 55 | AG21: 1 | AH21: 1 | AI21: 46072.494 | AJ21: ALEJANDRO MENDEZ | AK21: JUAN TLAPANCO MORALES | AL21: 46067.957 | AM21: ALBAAN | AN21: 706YF9
A22: UNIDAD DE FULL PUEBLA | B22: S | C22: 4 | D22: C | E22: JESUSG25 | F22: 17510 | G22: 46067 | H22: 46067 | I22: 46067 | J22: 46067 | K22: TRA-345 | L22: 00702 | M22: TLAPANCO MORALES, JUAN | N22: WALMART PUEBLA | O22: 6312-HUBP | P22: PUEBLA, PUEBLA | Q22: PUEBLA, PUEBLA | R22: 604189-V | S22: 23289767 | T22: 12.8 | U22: 0 | V22: 604189-V / DOC EN COPIA | W22: 0 | X22: FWP-0241001 | Y22: 429.54 | Z22: 115.71 | AA22: 110.38 | AB22: 203.45 | AC22: 0 | AD22: 60 | AG22: 1 | AH22: 1 | AI22: 46072.494 | AJ22: ALEJANDRO MENDEZ | AK22: JUAN TLAPANCO MORALES | AL22: 46069.771 | AM22: CARLOSPC | AN22: 706YF9
A23: UNIDAD DE FULL PUEBLA | B23: S | C23: 4 | D23: C | E23: OSCARA | F23: 18921 | G23: 46068 | H23: 46068 | I23: 46068 | J23: 46068 | K23: TRA-341 | L23: 00274 | M23: TEHUITZIL MARTINEZ, JOSE REFUGIO | N23: WALMART PUEBLA | O23: HUBP-ALEN | P23: PUEBLA, PUEBLA | Q23: PUEBLA, PUEBLA | R23: 585709-V | S23: 23299041 | T23: 11.4 | U23: 0 | V23: RECOLECCION | W23: 0 | X23: FWP-0241222 | Y23: 281.23 | Z23: 0.13 | AA23: 106.1 | AB23: 175 | AC23: 0 | AG23: 1 | AH23: 1 | AI23: 46078.704 | AJ23: ALEJANDRO MENDEZ | AK23: JOSE REFUGIO TEHUITZIL MARTINEZ | AL23: 46071.538 | AM23: CARLOSPC | AN23: 992YC7
A24: UNIDAD DE FULL PUEBLA | B24: S | C24: 4 | D24: C | E24: OSCARA | F24: 18924 | G24: 46068 | H24: 46068 | I24: 46068 | J24: 46068 | K24: TRA-341 | L24: 00274 | M24: TEHUITZIL MARTINEZ, JOSE REFUGIO | N24: WALMART PUEBLA | O24: ALEN-HUBP | P24: PUEBLA, PUEBLA | Q24: PUEBLA, PUEBLA | R24: 585709-C | S24: 23299049 | T24: 13.1 | U24: 0 | V24: 260302340 | W24: 0 | X24: FWP-0241366 | Y24: 295.96 | Z24: 0.11 | AA24: 92.4 | AB24: 203.45 | AC24: 0 | AG24: 1 | AH24: 1 | AI24: 46078.704 | AJ24: ALEJANDRO MENDEZ | AK24: JOSE REFUGIO TEHUITZIL MARTINEZ | AL24: 46071.929 | AM24: JUANMGC | AN24: 29YA4H
A25: UNIDAD DE FULL PUEBLA | B25: S | C25: 4 | D25: C | E25: OSCARA | F25: 18925 | G25: 46068 | H25: 46068 | I25: 46068 | J25: 46068 | K25: TRA-341 | L25: 00274 | M25: TEHUITZIL MARTINEZ, JOSE REFUGIO | N25: WALMART PUEBLA | O25: HUBP-ALEN | P25: PUEBLA, PUEBLA | Q25: PUEBLA, PUEBLA | R25: 585710-V | S25: 23298953 | T25: 11.4 | U25: 0 | V25: RECOLECCION | W25: 0 | X25: FWP-0241218 | Y25: 281.23 | Z25: 0.13 | AA25: 106.1 | AB25: 175 | AC25: 0 | AG25: 1 | AH25: 1 | AI25: 46078.708 | AJ25: ALEJANDRO MENDEZ | AK25: JOSE REFUGIO TEHUITZIL MARTINEZ | AL25: 46071.538 | AM25: CARLOSPC | AN25: 555YG1
A26: UNIDAD DE FULL PUEBLA | B26: S | C26: 4 | D26: C | E26: OSCARA | F26: 18928 | G26: 46068 | H26: 46068 | I26: 46068 | J26: 46068 | K26: TRA-341 | L26: 00274 | M26: TEHUITZIL MARTINEZ, JOSE REFUGIO | N26: WALMART PUEBLA | O26: ALEN-HUBP | P26: PUEBLA, PUEBLA | Q26: PUEBLA, PUEBLA | R26: 585710-C | S26: 23298979 | T26: 13.1 | U26: 0 | V26: 260302276 | W26: 0 | X26: FWP-0241362 | Y26: 295.96 | Z26: 0.11 | AA26: 92.4 | AB26: 203.45 | AC26: 0 | AG26: 1 | AH26: 1 | AI26: 46078.708 | AJ26: ALEJANDRO MENDEZ | AK26: JOSE REFUGIO TEHUITZIL MARTINEZ | AL26: 46071.929 | AM26: JUANMGC | AN26: 46YA9C
A27: UNIDAD DE FULL PUEBLA | B27: S | C27: 4 | D27: C | E27: ELIZABETH | F27: 17951 | G27: 46069 | H27: 46069 | I27: 46069 | J27: 46069 | K27: TRA-287 | L27: 01772 | M27: ROJAS MENDIETA, ADRIAN | N27: WALMART PUEBLA | O27: HUBP-1276 | P27: PUEBLA, PUEBLA | Q27: ACAJETE, PUEBLA | R27: 604906-C | S27: 23295059 | T27: 36.2 | U27: 0 | V27: 1308994 | W27: 0 | X27: FWP-0240940 | Y27: 897.69 | Z27: 327.25 | AA27: 319.58 | AB27: 250.86 | AC27: 0 | AD27: 22 | AG27: 1 | AH27: 1 | AI27: 46078.4 | AJ27: ALEJANDRO MENDEZ | AK27: ADRIAN ROJAS MENDIETA | AL27: 46069.693 | AM27: ELIZAPALE | AN27: 668YD7
A28: UNIDAD DE FULL PUEBLA | B28: S | C28: 4 | D28: C | E28: ELIZABETH | F28: 17952 | G28: 46069 | H28: 46069 | I28: 46069 | J28: 46069 | K28: TRA-287 | L28: 01772 | M28: ROJAS MENDIETA, ADRIAN | N28: WALMART PUEBLA | O28: 1276-HUBP | P28: ACAJETE, PUEBLA | Q28: PUEBLA, PUEBLA | R28: 604906-V | S28: 23297628 | T28: 34.3 | U28: 0 | V28: 604906-V | W28: 0 | X28: FWP-0241127 | Y28: 945.55 | Z28: 310.07 | AA28: 302.72 | AB28: 332.76 | AC28: 0 | AD28: 9 | AG28: 1 | AH28: 1 | AI28: 46078.4 | AJ28: ALEJANDRO MENDEZ | AK28: ADRIAN ROJAS MENDIETA | AL28: 46070.69 | AM28: CARLOSPC | AN28: 668YD7
A29: UNIDAD DE FULL PUEBLA | B29: S | C29: 4 | D29: C | E29: ELIZABETH | F29: 18010 | G29: 46069 | H29: 46069 | I29: 46069 | J29: 46069 | K29: TRA-287 | L29: 01772 | M29: ROJAS MENDIETA, ADRIAN | N29: WALMART PUEBLA | O29: HUBP-1801 | P29: PUEBLA, PUEBLA | Q29: PUEBLA, PUEBLA | R29: 604907-C | S29: 23294895 | T29: 18.1 | U29: 0 | V29: 1308957/3318871 / DOC EN COPIA | W29: 0 | X29: FWP-0241080 | Y29: 408.01 | Z29: 208.82 | AA29: 199.19 | AB29: 0 | AC29: 0 | AD29: 12 | AG29: 1 | AH29: 1 | AI29: 46077.77 | AJ29: ALEJANDRO MENDEZ | AK29: ADRIAN ROJAS MENDIETA | AL29: 46070.682 | AM29: ELIZAPALE | AN29: 821YG5
A30: UNIDAD DE FULL PUEBLA | B30: S | C30: 4 | D30: C | E30: ELIZABETH | F30: 18011 | G30: 46069 | H30: 46069 | I30: 46069 | J30: 46069 | K30: TRA-287 | L30: 01772 | M30: ROJAS MENDIETA, ADRIAN | N30: WALMART PUEBLA | O30: 1801-HUBP | P30: PUEBLA, PUEBLA | Q30: PUEBLA, PUEBLA | R30: 604907-V | S30: 23303090 | T30: 15.7 | U30: 0 | V30: 604907-V / DOC EN COPIA | W30: 0 | X30: FWP-0241261 | Y30: 310.86 | Z30: 159.1 | AA30: 151.76 | AB30: 0 | AC30: 0 | AD30: 11 | AG30: 1 | AH30: 1 | AI30: 46077.77 | AJ30: ALEJANDRO MENDEZ | AK30: ADRIAN ROJAS MENDIETA | AL30: 46071.67 | AM30: ALBAAN | AN30: 84UJ7J
A31: UNIDAD DE FULL PUEBLA | B31: S | C31: 4 | D31: C | E31: ELIZABETH | F31: 18024 | G31: 46069 | H31: 46069 | I31: 46069 | J31: 46069 | K31: TRA-287 | L31: 01772 | M31: ROJAS MENDIETA, ADRIAN | N31: WALMART PUEBLA | O31: HUBP-3853 | P31: PUEBLA, PUEBLA | Q31: PUEBLA, PUEBLA | R31: 604029-C | S31: 23294392 | T31: 17 | U31: 0 | V31: 1308951/3318867 / DOC EN COPIA | W31: 0 | X31: FWP-0241021 | Y31: 478.72 | Z31: 155.49 | AA31: 148.23 | AB31: 175 | AC31: 0 | AD31: 7 | AG31: 1 | AH31: 1 | AI31: 46078.441 | AJ31: ALEJANDRO MENDEZ | AK31: ADRIAN ROJAS MENDIETA | AL31: 46069.779 | AM31: ELIZAPALE | AN31: 948YG3
A32: UNIDAD DE FULL PUEBLA | B32: S | C32: 4 | D32: C | E32: ELIZABETH | F32: 18025 | G32: 46069 | H32: 46069 | I32: 46069 | J32: 46069 | K32: TRA-287 | L32: 01772 | M32: ROJAS MENDIETA, ADRIAN | N32: WALMART PUEBLA | O32: 3853-HUBP | P32: PUEBLA, PUEBLA | Q32: PUEBLA, PUEBLA | R32: 604029-V | S32: 23301356 | T32: 16 | U32: 0 | V32: 604029-V / DOC EN COPIA | W32: 0 | X32: FWP-0241242 | Y32: 489.5 | Z32: 146.45 | AA32: 139.6 | AB32: 203.45 | AC32: 0 | AD32: 5 | AG32: 1 | AH32: 1 | AI32: 46078.441 | AJ32: ALEJANDRO MENDEZ | AK32: ADRIAN ROJAS MENDIETA | AL32: 46071.666 | AM32: ALBAAN | AN32: 72UJ6J
A33: UNIDAD DE FULL PUEBLA | B33: S | C33: 4 | D33: C | E33: ELIZABETH | F33: 18073 | G33: 46069 | H33: 46069 | I33: 46069 | J33: 46069 | K33: TRA-287 | L33: 01772 | M33: ROJAS MENDIETA, ADRIAN | N33: WALMART PUEBLA | O33: HUBP-3864 | P33: PUEBLA, PUEBLA | Q33: PUEBLA, PUEBLA | R33: 604936-C | S33: 23296848 | T33: 8.8 | U33: 0 | V33: 1307621/3317951 / DOC EN COPIA | W33: 0 | X33: FWP-0241069 | Y33: 155.43 | Z33: 79.55 | AA33: 75.88 | AB33: 0 | AC33: 0 | AD33: 9 | AG33: 1 | AH33: 1 | AI33: 46078.433 | AJ33: ALEJANDRO MENDEZ | AK33: ADRIAN ROJAS MENDIETA | AL33: 46070.488 | AM33: ELIZAPALE | AN33: 160YF9
A34: UNIDAD DE FULL PUEBLA | B34: S | C34: 4 | D34: C | E34: ELIZABETH | F34: 18074 | G34: 46069 | H34: 46069 | I34: 46069 | J34: 46069 | K34: TRA-287 | L34: 01772 | M34: ROJAS MENDIETA, ADRIAN | N34: WALMART PUEBLA | O34: 3864-HUBP | P34: PUEBLA, PUEBLA | Q34: PUEBLA, PUEBLA | R34: 604936-V | S34: 23302085 | T34: 7.8 | U34: 0 | V34: 604936-V / DOC EN COPIA | W34: 0 | X34: FWP-0241253 | Y34: 176.63 | Z34: 90.4 | AA34: 86.23 | AB34: 0 | AC34: 0 | AD34: 12 | AG34: 1 | AH34: 1 | AI34: 46078.434 | AJ34: ALEJANDRO MENDEZ | AK34: ADRIAN ROJAS MENDIETA | AL34: 46071.669 | AM34: ALBAAN | AN34: 917YG3
A35: UNIDAD DE FULL PUEBLA | B35: S | C35: 4 | D35: C | E35: ALMAVIVAS | F35: 18450 | G35: 46069 | H35: 46069 | I35: 46069 | J35: 46069 | K35: TRA-287 | L35: 01772 | M35: ROJAS MENDIETA, ADRIAN | N35: WALMART PUEBLA | O35: HUBP-4988 | P35: PUEBLA, PUEBLA | Q35: CHOLULA, PUEBLA | R35: 604876-C | S35: 23298547 | T35: 13.4 | U35: 0 | V35: 1309756 / DOC EN COPIA | W35: 0 | X35: FWP-0241078 | Y35: 236.69 | Z35: 121.14 | AA35: 115.55 | AB35: 0 | AC35: 0 | AD35: 15 | AG35: 1 | AH35: 1 | AI35: 46078.419 | AJ35: ALEJANDRO MENDEZ | AK35: ADRIAN ROJAS MENDIETA | AL35: 46070.681 | AM35: ELIZAPALE | AN35: 862YF8
A36: UNIDAD DE FULL PUEBLA | B36: S | C36: 4 | D36: C | E36: ALMAVIVAS | F36: 18452 | G36: 46069 | H36: 46069 | I36: 46069 | J36: 46069 | K36: TRA-287 | L36: 01772 | M36: ROJAS MENDIETA, ADRIAN | N36: WALMART PUEBLA | O36: 4988-HUBP | P36: CHOLULA, PUEBLA | Q36: PUEBLA, PUEBLA | R36: 604876-V | S36: 23303114 | T36: 18.3 | U36: 0 | V36: 604876-V / DOC EN COPIA | W36: 0 | X36: FWP-0241262 | Y36: 323.23 | Z36: 165.43 | AA36: 157.8 | AB36: 0 | AC36: 0 | AD36: 13 | AG36: 1 | AH36: 1 | AI36: 46078.419 | AJ36: ALEJANDRO MENDEZ | AK36: ADRIAN ROJAS MENDIETA | AL36: 46071.67 | AM36: ALBAAN | AN36: 547YG1
A37: UNIDAD DE FULL PUEBLA | B37: S | C37: 4 | D37: C | E37: OSCARA | F37: 18929 | G37: 46069 | H37: 46069 | I37: 46069 | J37: 46069 | K37: TRA-341 | L37: 00274 | M37: TEHUITZIL MARTINEZ, JOSE REFUGIO | N37: WALMART PUEBLA | O37: HUBP-ALEN | P37: PUEBLA, PUEBLA | Q37: PUEBLA, PUEBLA | R37: 585711-V | S37: 23298987 | T37: 11.4 | U37: 0 | V37: RECOLECCION | W37: 0 | X37: FWP-0241219 | Y37: 281.23 | Z37: 0.13 | AA37: 106.1 | AB37: 175 | AC37: 0 | AD37: 76 | AG37: 1 | AH37: 1 | AI37: 46078.722 | AJ37: ALEJANDRO MENDEZ | AK37: JOSE REFUGIO TEHUITZIL MARTINEZ | AL37: 46071.538 | AM37: CARLOSPC | AN37: 27YA4H
A38: UNIDAD DE FULL PUEBLA | B38: S | C38: 4 | D38: C | E38: OSCARA | F38: 18930 | G38: 46069 | H38: 46069 | I38: 46069 | J38: 46069 | K38: TRA-341 | L38: 00274 | M38: TEHUITZIL MARTINEZ, JOSE REFUGIO | N38: WALMART PUEBLA | O38: ALEN-HUBP | P38: PUEBLA, PUEBLA | Q38: PUEBLA, PUEBLA | R38: 585711-C | S38: 23298997 | T38: 13.1 | U38: 0 | V38: 260302278 | W38: 0 | X38: FWP-0241363 | Y38: 295.96 | Z38: 0.11 | AA38: 92.4 | AB38: 203.45 | AC38: 0 | AD38: 73 | AG38: 1 | AH38: 1 | AI38: 46078.722 | AJ38: ALEJANDRO MENDEZ | AK38: JOSE REFUGIO TEHUITZIL MARTINEZ | AL38: 46071.929 | AM38: JUANMGC | AN38: 992YC7
A39: UNIDAD DE FULL PUEBLA | B39: S | C39: 4 | D39: C | E39: OSCARA | F39: 18931 | G39: 46069 | H39: 46069 | I39: 46069 | J39: 46069 | K39: TRA-341 | L39: 00274 | M39: TEHUITZIL MARTINEZ, JOSE REFUGIO | N39: WALMART PUEBLA | O39: HUBP-ALEN | P39: PUEBLA, PUEBLA | Q39: PUEBLA, PUEBLA | R39: 585712-V | S39: 23299004 | T39: 11.4 | U39: 0 | V39: RECOLECCION | W39: 0 | X39: FWP-0241220 | Y39: 281.23 | Z39: 0.13 | AA39: 106.1 | AB39: 175 | AC39: 0 | AG39: 1 | AH39: 1 | AI39: 46078.722 | AJ39: ALEJANDRO MENDEZ | AK39: JOSE REFUGIO TEHUITZIL MARTINEZ | AL39: 46071.538 | AM39: CARLOSPC | AN39: 40UH9X
A40: UNIDAD DE FULL PUEBLA | B40: S | C40: 4 | D40: C | E40: OSCARA | F40: 18932 | G40: 46069 | H40: 46069 | I40: 46069 | J40: 46069 | K40: TRA-341 | L40: 00274 | M40: TEHUITZIL MARTINEZ, JOSE REFUGIO | N40: WALMART PUEBLA | O40: ALEN-HUBP | P40: PUEBLA, PUEBLA | Q40: PUEBLA, PUEBLA | R40: 585712-C | S40: 23299016 | T40: 13.1 | U40: 0 | V40: 260302279 | W40: 0 | X40: FWP-0241364 | Y40: 295.96 | Z40: 0.11 | AA40: 92.4 | AB40: 203.45 | AC40: 0 | AG40: 1 | AH40: 1 | AI40: 46078.722 | AJ40: ALEJANDRO MENDEZ | AK40: JOSE REFUGIO TEHUITZIL MARTINEZ | AL40: 46071.929 | AM40: JUANMGC | AN40: 555YG1
A41: UNIDAD DE FULL PUEBLA | B41: S | C41: 4 | D41: C | E41: OSCARA | F41: 19058 | G41: 46069 | H41: 46069 | I41: 46069 | J41: 46069 | K41: TRA-263 | L41: 02067 | M41: ELIZALDE ESTRADA, EFRAIN | N41: WALMART PUEBLA | O41: HUBP-ALEN | P41: PUEBLA, PUEBLA | Q41: PUEBLA, PUEBLA | R41: 589893-V | S41: 23309768 | T41: 11.4 | U41: 0 | V41: RECOLECCION | W41: 0 | X41: FWP-0241273 | Y41: 281.23 | Z41: 0.13 | AA41: 106.1 | AB41: 175 | AC41: 0 | AD41: 46 | AG41: 1 | AH41: 1 | AI41: 46078.747 | AJ41: ALEJANDRO MENDEZ | AK41: EFRAIN ELIZALDE ESTRADA | AL41: 46071.72 | AM41: ALBAAN | AN41: 336YG4
A42: UNIDAD DE FULL PUEBLA | B42: S | C42: 4 | D42: C | E42: OSCARA | F42: 19061 | G42: 46069 | H42: 46069 | I42: 46069 | J42: 46069 | K42: TRA-263 | L42: 02067 | M42: ELIZALDE ESTRADA, EFRAIN | N42: WALMART PUEBLA | O42: ALEN-HUBP | P42: PUEBLA, PUEBLA | Q42: PUEBLA, PUEBLA | R42: 589893-C | S42: 23309779 | T42: 13.1 | U42: 0 | V42: 260302302 | W42: 0 | X42: FWP-0241396 | Y42: 295.96 | Z42: 0.11 | AA42: 92.4 | AB42: 203.45 | AC42: 0 | AG42: 1 | AH42: 1 | AI42: 46078.747 | AJ42: ALEJANDRO MENDEZ | AK42: EFRAIN ELIZALDE ESTRADA | AL42: 46071.934 | AM42: JUANMGC | AN42: 27YA4H
A43: UNIDAD DE FULL PUEBLA | B43: S | C43: 4 | D43: C | E43: OSCARA | F43: 19062 | G43: 46069 | H43: 46069 | I43: 46069 | J43: 46069 | K43: TRA-263 | L43: 02067 | M43: ELIZALDE ESTRADA, EFRAIN | N43: WALMART PUEBLA | O43: HUBP-ALEN | P43: PUEBLA, PUEBLA | Q43: PUEBLA, PUEBLA | R43: 589894-V | S43: 23309791 | T43: 11.4 | U43: 0 | V43: RECOLECCION | W43: 0 | X43: FWP-0241274 | Y43: 281.23 | Z43: 0.13 | AA43: 106.1 | AB43: 175 | AC43: 0 | AG43: 1 | AH43: 1 | AI43: 46078.747 | AJ43: ALEJANDRO MENDEZ | AK43: EFRAIN ELIZALDE ESTRADA | AL43: 46071.72 | AM43: ALBAAN | AN43: 393YG5
A44: UNIDAD DE FULL PUEBLA | B44: S | C44: 4 | D44: C | E44: OSCARA | F44: 19064 | G44: 46069 | H44: 46069 | I44: 46069 | J44: 46069 | K44: TRA-263 | L44: 02067 | M44: ELIZALDE ESTRADA, EFRAIN | N44: WALMART PUEBLA | O44: ALEN-HUBP | P44: PUEBLA, PUEBLA | Q44: PUEBLA, PUEBLA | R44: 589894-C | S44: 23309797 | T44: 13.1 | U44: 0 | V44: 260302303 | W44: 0 | X44: FWP-0241395 | Y44: 295.96 | Z44: 0.11 | AA44: 92.4 | AB44: 203.45 | AC44: 0 | AG44: 1 | AH44: 1 | AI44: 46078.748 | AJ44: ALEJANDRO MENDEZ | AK44: EFRAIN ELIZALDE ESTRADA | AL44: 46071.934 | AM44: JUANMGC | AN44: 469YF4
A45: UNIDAD DE FULL PUEBLA | B45: S | C45: 4 | D45: C | E45: ELIZABETH | F45: 18054 | G45: 46070 | H45: 46070 | I45: 46070 | J45: 46070 | K45: TRA-287 | L45: 01772 | M45: ROJAS MENDIETA, ADRIAN | N45: WALMART PUEBLA | O45: HUBP-3754 | P45: PUEBLA, PUEBLA | Q45: PUEBLA, PUEBLA | R45: 604917-C | S45: 23295844 | T45: 12.6 | U45: 0 | V45: 1309207/3318922 | W45: 0 | X45: FWP-0241175 | Y45: 397.46 | Z45: 113.9 | AA45: 108.56 | AB45: 175 | AC45: 0 | AD45: 8 | AG45: 1 | AH45: 1 | AI45: 46077.541 | AJ45: ALEJANDRO MENDEZ | AK45: ADRIAN ROJAS MENDIETA | AL45: 46070.958 | AM45: JUANMGC | AN45: 41YA9C
A46: UNIDAD DE FULL PUEBLA | B46: S | C46: 4 | D46: C | E46: ELIZABETH | F46: 18055 | G46: 46070 | H46: 46070 | I46: 46070 | J46: 46070 | K46: TRA-287 | L46: 01772 | M46: ROJAS MENDIETA, ADRIAN | N46: WALMART PUEBLA | O46: 3754-HUBP | P46: PUEBLA, PUEBLA | Q46: PUEBLA, PUEBLA | R46: 604917-V | S46: 23307707 | T46: 12.3 | U46: 0 | V46: 604917-V | W46: 0 | X46: FWP-0241304 | Y46: 420.71 | Z46: 111.19 | AA46: 106.07 | AB46: 203.45 | AC46: 0 | AD46: 5 | AG46: 1 | AH46: 1 | AI46: 46077.542 | AJ46: ALEJANDRO MENDEZ | AK46: ADRIAN ROJAS MENDIETA | AL46: 46071.727 | AM46: ALBAAN | AN46: 93UG7M
A47: UNIDAD DE FULL PUEBLA | B47: S | C47: 4 | D47: C | E47: ALMAVIVAS | F47: 18409 | G47: 46070 | H47: 46070 | I47: 46070 | J47: 46070 | K47: TRA-284 | L47: 01625 | M47: CARRILLO PADILLA, ROGELIO | N47: WALMART PUEBLA | O47: HUBP-5085 | P47: PUEBLA, PUEBLA | Q47: TLAXCALA DE XICOHTENCATL, TLAXCALA | R47: 604856-C | S47: 23297182 | T47: 18.4 | U47: 0 | V47: 3318009/1309075 | W47: 0 | X47: FWP-0241167 | Y47: 328.69 | Z47: 166.34 | AA47: 162.35 | AB47: 0 | AC47: 0 | AG47: 1 | AH47: 1 | AI47: 46078.547 | AJ47: ALEJANDRO MENDEZ | AK47: ROGELIO CARRILLO PADILLA | AL47: 46070.957 | AM47: JUANMGC | AN47: 96YA5A
A48: UNIDAD DE FULL PUEBLA | B48: S | C48: 4 | D48: C | E48: ALMAVIVAS | F48: 18410 | G48: 46070 | H48: 46070 | I48: 46070 | J48: 46070 | K48: TRA-284 | L48: 01625 | M48: CARRILLO PADILLA, ROGELIO | N48: WALMART PUEBLA | O48: 5085-HUBP | P48: PUEBLA, PUEBLA | Q48: TLAXCALA DE XICOHTENCATL, TLAXCALA | R48: 604856-V | S48: 23306517 | T48: 23 | U48: 0 | V48: 604856-V | W48: 0 | X48: FWP-0241272 | Y48: 409.97 | Z48: 207.92 | AA48: 202.05 | AB48: 0 | AC48: 0 | AG48: 1 | AH48: 1 | AI48: 46078.547 | AJ48: ALEJANDRO MENDEZ | AK48: ROGELIO CARRILLO PADILLA | AL48: 46071.72 | AM48: ALBAAN | AN48: 96YA5A
A49: UNIDAD DE FULL PUEBLA | B49: S | C49: 4 | D49: C | E49: ALMAVIVAS | F49: 18442 | G49: 46070 | H49: 46070 | I49: 46070 | J49: 46070 | K49: TRA-307 | L49: 00204 | M49: ORTIZ ZENON, JOSE NAU | N49: WALMART PUEBLA | O49: HUBP-6312 | P49: PUEBLA, PUEBLA | Q49: PUEBLA, PUEBLA | R49: 604875-C | S49: 23298546 | T49: 14.5 | U49: 0 | V49: 1309756 / DOC EN COPIA | W49: 0 | X49: FWP-0241177 | Y49: 431.11 | Z49: 131.08 | AA49: 125.03 | AB49: 175 | AC49: 0 | AD49: 67 | AG49: 1 | AH49: 1 | AI49: 46078.487 | AJ49: ALEJANDRO MENDEZ | AK49: JOSE NAU ORTIZ ZENON | AL49: 46070.959 | AM49: JUANMGC | AN49: 466YC7
A50: UNIDAD DE FULL PUEBLA | B50: S | C50: 4 | D50: C | E50: ALMAVIVAS | F50: 18447 | G50: 46070 | H50: 46070 | I50: 46070 | J50: 46070 | K50: TRA-307 | L50: 00204 | M50: ORTIZ ZENON, JOSE NAU | N50: WALMART PUEBLA | O50: 6312-HUBP | P50: PUEBLA, PUEBLA | Q50: PUEBLA, PUEBLA | R50: 604875-V | S50: 23307088 | T50: 12.8 | U50: 0 | V50: 604875-V / DOC EN COPIA | W50: 0 | X50: FWP-0241297 | Y50: 429.54 | Z50: 115.71 | AA50: 110.38 | AB50: 203.45 | AC50: 0 | AD50: 26 | AG50: 1 | AH50: 1 | AI50: 46078.488 | AJ50: ALEJANDRO MENDEZ | AK50: JOSE NAU ORTIZ ZENON | AL50: 46071.726 | AM50: ALBAAN | AN50: 466YC7
A51: UNIDAD DE FULL PUEBLA | B51: S | C51: 4 | D51: C | E51: ALMAVIVAS | F51: 18495 | G51: 46070 | H51: 46070 | I51: 46070 | J51: 46070 | K51: TRA-287 | L51: 01772 | M51: ROJAS MENDIETA, ADRIAN | N51: WALMART PUEBLA | O51: HUBP-2993 | P51: PUEBLA, PUEBLA | Q51: PUEBLA, PUEBLA | R51: 604872-C | S51: 23298525 | T51: 11.4 | U51: 0 | V51: 3319030/1309155 | W51: 0 | X51: FWP-0241083 | Y51: 363.91 | Z51: 96.73 | AA51: 92.18 | AB51: 175 | AC51: 0 | AD51: 7 | AG51: 1 | AH51: 1 | AI51: 46077.548 | AJ51: ALEJANDRO MENDEZ | AK51: ADRIAN ROJAS MENDIETA | AL51: 46070.683 | AM51: ELIZAPALE | AN51: 25UG8M
A52: UNIDAD DE FULL PUEBLA | B52: S | C52: 4 | D52: C | E52: ALMAVIVAS | F52: 18496 | G52: 46070 | H52: 46070 | I52: 46070 | J52: 46070 | K52: TRA-287 | L52: 01772 | M52: ROJAS MENDIETA, ADRIAN | N52: WALMART PUEBLA | O52: 2993-HUBP | P52: PUEBLA, PUEBLA | Q52: PUEBLA, PUEBLA | R52: 604872-V | S52: 23305055 | T52: 9 | U52: 0 | V52: 604872-V | W52: 0 | X52: FWP-0241284 | Y52: 362.42 | Z52: 81.36 | AA52: 77.61 | AB52: 203.45 | AC52: 0 | AD52: 9 | AG52: 1 | AH52: 1 | AI52: 46077.549 | AJ52: ALEJANDRO MENDEZ | AK52: ADRIAN ROJAS MENDIETA | AL52: 46071.723 | AM52: ALBAAN | AN52: 444YC7
A53: UNIDAD DE FULL PUEBLA | B53: S | C53: 4 | D53: C | E53: MARIANASP | F53: 18659 | G53: 46070 | H53: 46070 | I53: 46070 | J53: 46070 | K53: TRA-307 | L53: 00204 | M53: ORTIZ ZENON, JOSE NAU | N53: WALMART PUEBLA | O53: HUBP-6312 | P53: PUEBLA, PUEBLA | Q53: PUEBLA, PUEBLA | R53: 604813-C | S53: 23301212 | T53: 14.5 | U53: 0 | V53: 1311001/1311000 / DOC EN COPIA | W53: 0 | X53: FWP-0241179 | Y53: 431.11 | Z53: 131.08 | AA53: 125.03 | AB53: 175 | AC53: 0 | AD53: 14 | AG53: 1 | AH53: 1 | AI53: 46078.488 | AJ53: ALEJANDRO MENDEZ | AK53: JOSE NAU ORTIZ ZENON | AL53: 46070.959 | AM53: JUANMGC | AN53: 11YA4H
A54: UNIDAD DE FULL PUEBLA | B54: S | C54: 4 | D54: C | E54: MARIANASP | F54: 18660 | G54: 46070 | H54: 46070 | I54: 46070 | J54: 46070 | K54: TRA-307 | L54: 00204 | M54: ORTIZ ZENON, JOSE NAU | N54: WALMART PUEBLA | O54: 6312-HUBP | P54: PUEBLA, PUEBLA | Q54: PUEBLA, PUEBLA | R54: 604813-V | S54: 23307047 | T54: 12.8 | U54: 0 | V54: 604813-V / DOC EN COPIA | W54: 0 | X54: FWP-0241296 | Y54: 429.54 | Z54: 115.71 | AA54: 110.38 | AB54: 203.45 | AC54: 0 | AG54: 1 | AH54: 1 | AI54: 46078.489 | AJ54: ALEJANDRO MENDEZ | AK54: JOSE NAU ORTIZ ZENON | AL54: 46071.726 | AM54: ALBAAN | AN54: 11YA4H
A55: UNIDAD DE FULL PUEBLA | B55: S | C55: 4 | D55: C | E55: MARIANASP | F55: 18708 | G55: 46070 | H55: 46070 | I55: 46070 | J55: 46070 | K55: TRA-287 | L55: 01772 | M55: ROJAS MENDIETA, ADRIAN | N55: WALMART PUEBLA | O55: HUBP-3886 | P55: PUEBLA, PUEBLA | Q55: PUEBLA, PUEBLA | R55: 604943-C | S55: 23296932 | T55: 10.9 | U55: 0 | V55: 3318883/1308971 | W55: 0 | X55: FWP-0241180 | Y55: 192.53 | Z55: 98.54 | AA55: 93.99 | AB55: 0 | AC55: 0 | AD55: 5 | AG55: 1 | AH55: 1 | AI55: 46077.777 | AJ55: ALEJANDRO MENDEZ | AK55: ADRIAN ROJAS MENDIETA | AL55: 46071.284 | AM55: JUANMGC | AN55: 610YG8
A56: UNIDAD DE FULL PUEBLA | B56: S | C56: 4 | D56: C | E56: MARIANASP | F56: 18709 | G56: 46070 | H56: 46070 | I56: 46070 | J56: 46070 | K56: TRA-287 | L56: 01772 | M56: ROJAS MENDIETA, ADRIAN | N56: WALMART PUEBLA | O56: 3886-HUBP | P56: PUEBLA, PUEBLA | Q56: PUEBLA, PUEBLA | R56: 604943-V | S56: 23309641 | T56: 10.2 | U56: 0 | V56: 604943-V | W56: 0 | X56: FWP-0241323 | Y56: 211.96 | Z56: 108.48 | AA56: 103.48 | AB56: 0 | AC56: 0 | AD56: 6 | AG56: 1 | AH56: 1 | AI56: 46077.778 | AJ56: ALEJANDRO MENDEZ | AK56: ADRIAN ROJAS MENDIETA | AL56: 46071.766 | AM56: ALBAAN | AN56: 69TX5H
A57: UNIDAD DE FULL PUEBLA | B57: S | C57: 4 | D57: C | E57: MARIANASP | F57: 18764 | G57: 46070 | H57: 46070 | I57: 46070 | J57: 46070 | K57: TRA-287 | L57: 01772 | M57: ROJAS MENDIETA, ADRIAN | N57: WALMART PUEBLA | O57: HUBP-4730 | P57: PUEBLA, PUEBLA | Q57: PUEBLA, PUEBLA | R57: 604706-C | S57: 23303433 | T57: 22.4 | U57: 0 | V57: 3319803/1310454 / DOC EN COPIA | W57: 0 | X57: FWP-0241376 | Y57: 570.57 | Z57: 202.5 | AA57: 193.07 | AB57: 175 | AC57: 0 | AD57: 9 | AG57: 1 | AH57: 1 | AI57: 46078.528 | AJ57: ALEJANDRO MENDEZ | AK57: ADRIAN ROJAS MENDIETA | AL57: 46071.931 | AM57: JUANMGC | AN57: 414YH5
A58: UNIDAD DE FULL PUEBLA | B58: S | C58: 4 | D58: C | E58: MARIANASP | F58: 18765 | G58: 46070 | H58: 46070 | I58: 46070 | J58: 46070 | K58: TRA-287 | L58: 01772 | M58: ROJAS MENDIETA, ADRIAN | N58: WALMART PUEBLA | O58: 4730-HUBP | P58: PUEBLA, PUEBLA | Q58: PUEBLA, PUEBLA | R58: 604706-V | S58: 23306308 | T58: 21 | U58: 0 | V58: 604706-V / DOC EN COPIA | W58: 0 | X58: FWP-0241292 | Y58: 676.96 | Z58: 189.84 | AA58: 181.09 | AB58: 306.03 | AC58: 0 | AD58: 14 | AG58: 1 | AH58: 1 | AI58: 46078.528 | AJ58: ALEJANDRO MENDEZ | AK58: ADRIAN ROJAS MENDIETA | AL58: 46071.725 | AM58: ALBAAN | AN58: 32YA6C
A59: UNIDAD DE FULL PUEBLA | B59: S | C59: 4 | D59: C | E59: MARIANASP | F59: 18801 | G59: 46070 | H59: 46070 | I59: 46070 | J59: 46070 | K59: TRA-241 | L59: 01108 | M59: SANCHEZ RAMIREZ, EDGAR | N59: WALMART PUEBLA | O59: HUBP-6312 | P59: PUEBLA, PUEBLA | Q59: PUEBLA, PUEBLA | R59: 604708-C | S59: 23303649 | T59: 14.5 | U59: 0 | V59: 1311041/1311040 / DOC EN COPIA | W59: 0 | X59: FWP-0241392 | Y59: 431.11 | Z59: 131.08 | AA59: 125.03 | AB59: 175 | AC59: 0 | AD59: 54 | AG59: 1 | AH59: 1 | AI59: 46077.723 | AJ59: ALEJANDRO MENDEZ | AK59: EDGAR SANCHEZ RAMIREZ | AL59: 46071.934 | AM59: JUANMGC | AN59: 56YA9C
A60: UNIDAD DE FULL PUEBLA | B60: S | C60: 4 | D60: C | E60: MARIANASP | F60: 18803 | G60: 46070 | H60: 46070 | I60: 46070 | J60: 46070 | K60: TRA-241 | L60: 01108 | M60: SANCHEZ RAMIREZ, EDGAR | N60: WALMART PUEBLA | O60: 6312-HUBP | P60: PUEBLA, PUEBLA | Q60: PUEBLA, PUEBLA | R60: 604708-V | S60: 23308773 | T60: 12.8 | U60: 0 | V60: 604708-V / DOC EN COPIA | W60: 0 | X60: FWP-0241313 | Y60: 429.54 | Z60: 115.71 | AA60: 110.38 | AB60: 203.45 | AC60: 0 | AD60: 97 | AG60: 1 | AH60: 1 | AI60: 46077.722 | AJ60: ALEJANDRO MENDEZ | AK60: EDGAR SANCHEZ RAMIREZ | AL60: 46071.764 | AM60: ALBAAN | AN60: 56YA9C
A61: UNIDAD DE FULL PUEBLA | B61: S | C61: 4 | D61: C | E61: MARIANASP | F61: 18821 | G61: 46070 | H61: 46070 | I61: 46070 | J61: 46070 | K61: TRA-241 | L61: 01108 | M61: SANCHEZ RAMIREZ, EDGAR | N61: WALMART PUEBLA | O61: HUBP-5185 | P61: PUEBLA, PUEBLA | Q61: PUEBLA, PUEBLA | R61: 604716-C | S61: 23304103 | T61: 14.2 | U61: 0 | V61: 3319848/1310569 / DOC EN COPIA | W61: 0 | X61: FWP-0241383 | Y61: 425.73 | Z61: 128.37 | AA61: 122.36 | AB61: 175 | AC61: 0 | AD61: 50 | AG61: 1 | AH61: 1 | AI61: 46077.723 | AJ61: ALEJANDRO MENDEZ | AK61: EDGAR SANCHEZ RAMIREZ | AL61: 46071.932 | AM61: JUANMGC | AN61: 09YA4H
A62: UNIDAD DE FULL PUEBLA | B62: S | C62: 4 | D62: C | E62: MARIANASP | F62: 18822 | G62: 46070 | H62: 46070 | I62: 46070 | J62: 46070 | K62: TRA-241 | L62: 01108 | M62: SANCHEZ RAMIREZ, EDGAR | N62: WALMART PUEBLA | O62: 5185-HUBP | P62: PUEBLA, PUEBLA | Q62: PUEBLA, PUEBLA | R62: 604716-V | S62: 23308799 | T62: 12.9 | U62: 0 | V62: 604716-V / DOC EN COPIA | W62: 0 | X62: FWP-0241314 | Y62: 431.31 | Z62: 116.62 | AA62: 111.24 | AB62: 203.45 | AC62: 0 | AD62: 70 | AG62: 1 | AH62: 1 | AI62: 46077.724 | AJ62: ALEJANDRO MENDEZ | AK62: EDGAR SANCHEZ RAMIREZ | AL62: 46071.764 | AM62: ALBAAN | AN62: 67UH2B
A63: UNIDAD DE FULL PUEBLA | B63: S | C63: 4 | D63: C | E63: OSCARA | F63: 19367 | G63: 46070 | H63: 46070 | I63: 46070 | J63: 46070 | K63: TRA-341 | L63: 00274 | M63: TEHUITZIL MARTINEZ, JOSE REFUGIO | N63: WALMART PUEBLA | O63: HUBP-ITALIANA | P63: PATIO HUB PUEBLA | Q63: PUEBLA, PUEBLA | R63: 589908-V | S63: 23314989 | T63: 8.59 | U63: 0 | V63: RECOLECCION | W63: 0 | X63: FWP-0241543 | Y63: 69.72 | Z63: 0.09 | AA63: 69.63 | AB63: 0 | AC63: 0 | AG63: 1 | AH63: 1 | AI63: 46078.687 | AJ63: ALEJANDRO MENDEZ | AK63: JOSE REFUGIO TEHUITZIL MARTINEZ | AL63: 46072.591 | AM63: ALBAAN | AN63: 52YA9C
A64: UNIDAD DE FULL PUEBLA | B64: S | C64: 4 | D64: C | E64: OSCARA | F64: 19369 | G64: 46070 | H64: 46070 | I64: 46070 | J64: 46070 | K64: TRA-341 | L64: 00274 | M64: TEHUITZIL MARTINEZ, JOSE REFUGIO | N64: WALMART PUEBLA | O64: ITALIANA-HUBP | P64: PUEBLA, PUEBLA | Q64: PATIO HUB PUEBLA | R64: 589908-C | S64: 23314995 | T64: 6.9 | U64: 0 | V64: 260302564 | W64: 0 | X64: FWP-0241569 | Y64: 56 | Z64: 0.07 | AA64: 55.93 | AB64: 0 | AC64: 0 | AG64: 1 | AH64: 1 | AI64: 46078.687 | AJ64: ALEJANDRO MENDEZ | AK64: JOSE REFUGIO TEHUITZIL MARTINEZ | AL64: 46072.973 | AM64: JUANMGC | AN64: 52YA9C
A65: UNIDAD DE FULL PUEBLA | B65: S | C65: 4 | D65: C | E65: OSCARA | F65: 19370 | G65: 46070 | H65: 46070 | I65: 46070 | J65: 46070 | K65: TRA-341 | L65: 00274 | M65: TEHUITZIL MARTINEZ, JOSE REFUGIO | N65: WALMART PUEBLA | O65: HUBP-ITALIANA | P65: PATIO HUB PUEBLA | Q65: PUEBLA, PUEBLA | R65: 589909-V | S65: 23314998 | T65: 8.59 | U65: 0 | V65: RECOLECCION | W65: 0 | X65: FWP-0241544 | Y65: 69.72 | Z65: 0.09 | AA65: 69.63 | AB65: 0 | AC65: 0 | AG65: 1 | AH65: 1 | AI65: 46078.688 | AJ65: ALEJANDRO MENDEZ | AK65: JOSE REFUGIO TEHUITZIL MARTINEZ | AL65: 46072.592 | AM65: ALBAAN | AN65: 58UF5V
A66: UNIDAD DE FULL PUEBLA | B66: S | C66: 4 | D66: C | E66: OSCARA | F66: 19372 | G66: 46070 | H66: 46070 | I66: 46070 | J66: 46070 | K66: TRA-341 | L66: 00274 | M66: TEHUITZIL MARTINEZ, JOSE REFUGIO | N66: WALMART PUEBLA | O66: ITALIANA-HUBP | P66: PUEBLA, PUEBLA | Q66: PATIO HUB PUEBLA | R66: 589909-C | S66: 23315007 | T66: 6.9 | U66: 0 | V66: 260302565 | W66: 0 | X66: FWP-0241570 | Y66: 56 | Z66: 0.07 | AA66: 55.93 | AB66: 0 | AC66: 0 | AG66: 1 | AH66: 1 | AI66: 46078.688 | AJ66: ALEJANDRO MENDEZ | AK66: JOSE REFUGIO TEHUITZIL MARTINEZ | AL66: 46072.973 | AM66: JUANMGC | AN66: 58UF5V
A67: UNIDAD DE FULL PUEBLA | B67: S | C67: 4 | D67: C | E67: MARIANASP | F67: 18710 | G67: 46071 | H67: 46071 | I67: 46071 | J67: 46071 | K67: TRA-287 | L67: 01772 | M67: ROJAS MENDIETA, ADRIAN | N67: WALMART PUEBLA | O67: HUBP-3886 | P67: PUEBLA, PUEBLA | Q67: PUEBLA, PUEBLA | R67: 604898-C | S67: 23299416 | T67: 10.9 | U67: 0 | V67: 3318950/1309336 / DOC EN COPIA | W67: 0 | X67: FWP-0241511 | Y67: 192.54 | Z67: 98.54 | AA67: 94 | AB67: 0 | AC67: 0 | AD67: 10 | AG67: 1 | AH67: 1 | AI67: 46077.759 | AJ67: ALEJANDRO MENDEZ | AK67: ADRIAN ROJAS MENDIETA | AL67: 46072.55 | AM67: ALBAAN | AN67: 93UH8X
A68: UNIDAD DE FULL PUEBLA | B68: S | C68: 4 | D68: C | E68: MARIANASP | F68: 18711 | G68: 46071 | H68: 46071 | I68: 46071 | J68: 46071 | K68: TRA-287 | L68: 01772 | M68: ROJAS MENDIETA, ADRIAN | N68: WALMART PUEBLA | O68: 3886-HUBP | P68: PUEBLA, PUEBLA | Q68: PUEBLA, PUEBLA | R68: 604898-V | S68: 23316728 | T68: 10.2 | U68: 0 | V68: 604898-V / DOC EN COPIA | W68: 0 | X68: FWP-0241720 | Y68: 211.97 | Z68: 108.48 | AA68: 103.49 | AB68: 0 | AC68: 0 | AD68: 9 | AG68: 1 | AH68: 1 | AI68: 46077.76 | AJ68: ALEJANDRO MENDEZ | AK68: ADRIAN ROJAS MENDIETA | AL68: 46078.732 | AM68: KARINAO | AN68: 610YG8
A69: UNIDAD DE FULL PUEBLA | B69: S | C69: 4 | D69: C | E69: ALMAVIVAS | F69: 18963 | G69: 46071 | H69: 46071 | I69: 46071 | J69: 46071 | K69: TRA-287 | L69: 01772 | M69: ROJAS MENDIETA, ADRIAN | N69: WALMART PUEBLA | O69: HUBP-3853 | P69: PUEBLA, PUEBLA | Q69: PUEBLA, PUEBLA | R69: 604718-C | S69: 23304126 | T69: 17 | U69: 0 | V69: 1310577 | W69: 0 | X69: FWP-0241204 | Y69: 478.73 | Z69: 155.49 | AA69: 148.24 | AB69: 175 | AC69: 0 | AD69: 9 | AG69: 1 | AH69: 1 | AI69: 46077.733 | AJ69: ALEJANDRO MENDEZ | AK69: ADRIAN ROJAS MENDIETA | AL69: 46071.479 | AM69: CARLOSPC | AN69: 872YC7
A70: UNIDAD DE FULL PUEBLA | B70: S | C70: 4 | D70: C | E70: ALMAVIVAS | F70: 18965 | G70: 46071 | H70: 46071 | I70: 46071 | J70: 46071 | K70: TRA-287 | L70: 01772 | M70: ROJAS MENDIETA, ADRIAN | N70: WALMART PUEBLA | O70: 3853-HUBP | P70: PUEBLA, PUEBLA | Q70: PUEBLA, PUEBLA | R70: 604718-V | S70: 23315036 | T70: 16 | U70: 0 | V70: 604718- / DOC EN COPIA | W70: 0 | X70: FWP-0241701 | Y70: 489.52 | Z70: 146.45 | AA70: 139.62 | AB70: 203.45 | AC70: 0 | AD70: 7 | AG70: 1 | AH70: 1 | AI70: 46077.733 | AJ70: ALEJANDRO MENDEZ | AK70: ADRIAN ROJAS MENDIETA | AL70: 46073.651 | AM70: CARLOSPC | AN70: 925YG5
A71: UNIDAD DE FULL PUEBLA | B71: S | C71: 4 | D71: C | E71: ALMAVIVAS | F71: 19056 | G71: 46071 | H71: 46071 | I71: 46071 | J71: 46071 | K71: TRA-307 | L71: 00204 | M71: ORTIZ ZENON, JOSE NAU | N71: WALMART PUEBLA | O71: HUBP-6211 | P71: PUEBLA, PUEBLA | Q71: PUEBLA, PUEBLA | R71: 604733-C | S71: 23305128 | T71: 25.3 | U71: 0 | V71: 1311079/1311078 | W71: 0 | X71: FWP-0241566 | Y71: 448.57 | Z71: 229.62 | AA71: 218.95 | AB71: 0 | AC71: 0 | AG71: 0 | AH71: 0 | AL71: 46072.973 | AM71: JUANMGC | AN71: 719YG5
A72: UNIDAD DE FULL PUEBLA | B72: S | C72: 4 | D72: C | E72: ALMAVIVAS | F72: 19057 | G72: 46071 | H72: 46071 | I72: 46071 | J72: 46071 | K72: TRA-307 | L72: 00204 | M72: ORTIZ ZENON, JOSE NAU | N72: WALMART PUEBLA | O72: 6211-HUBP | P72: PUEBLA, PUEBLA | Q72: PUEBLA, PUEBLA | R72: 604733-V | S72: 23315015 | T72: 37 | U72: 0 | V72: 604733-V | W72: 0 | X72: FWP-0241700 | Y72: 959.59 | Z72: 334.48 | AA72: 319.08 | AB72: 306.03 | AC72: 0 | AG72: 0 | AH72: 0 | AL72: 46073.651 | AM72: CARLOSPC | AN72: 88UG7M
A73: UNIDAD DE FULL PUEBLA | B73: S | C73: 4 | D73: C | E73: MARIANASP | F73: 19197 | G73: 46071 | H73: 46071 | I73: 46071 | J73: 46071 | K73: TRA-307 | L73: 00204 | M73: ORTIZ ZENON, JOSE NAU | N73: WALMART PUEBLA | O73: HUBP-6211 | P73: PUEBLA, PUEBLA | Q73: PUEBLA, PUEBLA | R73: 604558-C | S73: 23310388 | T73: 25.3 | U73: 0 | V73: 1311138 | W73: 0 | X73: FWP-0241567 | Y73: 448.57 | Z73: 229.62 | AA73: 218.95 | AB73: 0 | AC73: 0 | AG73: 0 | AH73: 0 | AL73: 46072.973 | AM73: JUANMGC | AN73: 857YF5
A74: UNIDAD DE FULL PUEBLA | B74: S | C74: 4 | D74: C | E74: MARIANASP | F74: 19198 | G74: 46071 | H74: 46071 | I74: 46071 | J74: 46071 | K74: TRA-307 | L74: 00204 | M74: ORTIZ ZENON, JOSE NAU | N74: WALMART PUEBLA | O74: 6211-HUBP | P74: PUEBLA, PUEBLA | Q74: PUEBLA, PUEBLA | R74: 604558-V | S74: 23314997 | T74: 37 | U74: 0 | V74: 604558-V | W74: 0 | X74: FWP-0241699 | Y74: 959.59 | Z74: 334.48 | AA74: 319.08 | AB74: 306.03 | AC74: 0 | AG74: 0 | AH74: 0 | AL74: 46073.651 | AM74: CARLOSPC | AN74: 06UG2N
A75: UNIDAD DE FULL PUEBLA | B75: S | C75: 3 | D75: A | E75: ALMAVIVAS | F75: 19032 | G75: 46072 | H75: 46072 | I75: 46072 | J75: 46072 | K75: TRA-163 | L75: 02107 | M75: MEDRANO RODRIGUEZ, MIGUEL ANGEL | N75: WALMART PUEBLA | O75: HUBP-3793 | P75: PUEBLA, PUEBLA | Q75: PUEBLA, PUEBLA | R75: 604730-C | S75: 23305087 | T75: 13.5 | U75: 0 | V75: 3319061/1309191 | W75: 0 | X75: FWP-0241585 | Y75: 241.23 | Z75: 122.04 | AA75: 119.19 | AB75: 0 | AC75: 0 | AG75: 1 | AH75: 1 | AI75: 46077.717 | AJ75: SILVIA | AK75: MIGUEL ANGEL MEDRANO RODRIGUEZ | AL75: 46072.975 | AM75: JUANMGC
A76: UNIDAD DE FULL PUEBLA | B76: S | C76: 3 | D76: A | E76: ALMAVIVAS | F76: 19033 | G76: 46072 | H76: 46072 | I76: 46072 | J76: 46072 | K76: TRA-163 | L76: 02107 | M76: MEDRANO RODRIGUEZ, MIGUEL ANGEL | N76: WALMART PUEBLA | O76: 3793-HUBP | P76: PUEBLA, PUEBLA | Q76: PUEBLA, PUEBLA | R76: 604730-V | S76: 23321945 | T76: 12.3 | U76: 0 | V76: 604730-V | W76: 0 | X76: FWP-0241757 | Y76: 408.11 | Z76: 141.93 | AA76: 138.59 | AB76: 127.59 | AC76: 0 | AG76: 1 | AH76: 1 | AI76: 46077.719 | AJ76: SILVIA | AK76: MIGUEL ANGEL MEDRANO RODRIGUEZ | AL76: 46073.754 | AM76: CARLOSPC | AN76: 883YG4
A77: UNIDAD DE FULL PUEBLA | B77: S | C77: 3 | D77: A | E77: ALMAVIVAS | F77: 19310 | G77: 46072 | H77: 46072 | I77: 46072 | J77: 46072 | K77: TRA-287 | L77: 01772 | M77: ROJAS MENDIETA, ADRIAN | N77: WALMART PUEBLA | O77: HUBP-2952 | P77: PUEBLA, PUEBLA | Q77: PUEBLA, PUEBLA | R77: 604688-C | S77: 23308449 | T77: 34.6 | U77: 0 | V77: 3319832/1310562 | W77: 0 | X77: FWP-0241524 | Y77: 786.16 | Z77: 312.78 | AA77: 298.38 | AB77: 175 | AC77: 0 | AD77: 6 | AG77: 0 | AH77: 0 | AL77: 46072.552 | AM77: ALBAAN | AN77: 31YA6C
A78: UNIDAD DE FULL PUEBLA | B78: S | C78: 3 | D78: A | E78: ALMAVIVAS | F78: 19312 | G78: 46072 | H78: 46072 | I78: 46072 | J78: 46072 | K78: TRA-287 | L78: 01772 | M78: ROJAS MENDIETA, ADRIAN | N78: WALMART PUEBLA | O78: 2952-HUBP | P78: PUEBLA, PUEBLA | Q78: PUEBLA, PUEBLA | R78: 604688-V | S78: 23319732 | T78: 32.9 | U78: 0 | V78: 604688-V | W78: 0 | X78: FWP-0241680 | Y78: 887.09 | Z78: 297.42 | AA78: 283.64 | AB78: 306.03 | AC78: 0 | AD78: 21 | AG78: 0 | AH78: 0 | AL78: 46073.649 | AM78: CARLOSPC
A79: UNIDAD DE FULL PUEBLA | B79: S | C79: 3 | D79: A | E79: ALMAVIVAS | F79: 19425 | G79: 46072 | H79: 46072 | I79: 46072 | J79: 46072 | K79: TRA-271 | L79: 00089 | M79: FLORES MARTINEZ, WILFRIDO | N79: WALMART PUEBLA | O79: HUBP-6312 | P79: PUEBLA, PUEBLA | Q79: PUEBLA, PUEBLA | R79: 604512-C | S79: 23313144 | T79: 14.5 | U79: 0 | V79: 1312445/1312444 | W79: 0 | X79: FWP-0241592 | Y79: 431.12 | Z79: 131.08 | AA79: 125.04 | AB79: 175 | AC79: 0 | AD79: 23 | AG79: 0 | AH79: 0 | AL79: 46073.255 | AM79: JUANMGC | AN79: 11YA4H
A80: UNIDAD DE FULL PUEBLA | B80: S | C80: 3 | D80: A | E80: ALMAVIVAS | F80: 19426 | G80: 46072 | H80: 46072 | I80: 46072 | J80: 46072 | K80: TRA-271 | L80: 00089 | M80: FLORES MARTINEZ, WILFRIDO | N80: WALMART PUEBLA | O80: 6312-HUBP | P80: PUEBLA, PUEBLA | Q80: PUEBLA, PUEBLA | R80: 604512-V | S80: 23321979 | T80: 12.8 | U80: 0 | V80: 604512-V | W80: 0 | X80: FWP-0241760 | Y80: 429.59 | Z80: 115.71 | AA80: 110.43 | AB80: 203.45 | AC80: 0 | AD80: 58 | AG80: 0 | AH80: 0 | AL80: 46073.754 | AM80: CARLOSPC
A81: UNIDAD DE FULL PUEBLA | B81: S | C81: 3 | D81: A | E81: ALMAVIVAS | F81: 19429 | G81: 46072 | H81: 46072 | I81: 46072 | J81: 46072 | K81: TRA-271 | L81: 00089 | M81: FLORES MARTINEZ, WILFRIDO | N81: WALMART PUEBLA | O81: HUBP-6312 | P81: PUEBLA, PUEBLA | Q81: PUEBLA, PUEBLA | R81: 604513-C | S81: 23313145 | T81: 14.5 | U81: 0 | V81: 1312418/1312417 | W81: 0 | X81: FWP-0241594 | Y81: 431.12 | Z81: 131.08 | AA81: 125.04 | AB81: 175 | AC81: 0 | AD81: 68 | AG81: 0 | AH81: 0 | AL81: 46073.256 | AM81: JUANMGC | AN81: 110YF5
A82: UNIDAD DE FULL PUEBLA | B82: S | C82: 3 | D82: A | E82: ALMAVIVAS | F82: 19431 | G82: 46072 | H82: 46072 | I82: 46072 | J82: 46072 | K82: TRA-271 | L82: 00089 | M82: FLORES MARTINEZ, WILFRIDO | N82: WALMART PUEBLA | O82: 6312-HUBP | P82: PUEBLA, PUEBLA | Q82: PUEBLA, PUEBLA | R82: 604513-V | S82: 23321960 | T82: 12.8 | U82: 0 | V82: 604513-V | W82: 0 | X82: FWP-0241759 | Y82: 429.59 | Z82: 115.71 | AA82: 110.43 | AB82: 203.45 | AC82: 0 | AD82: 57 | AG82: 0 | AH82: 0 | AL82: 46073.754 | AM82: CARLOSPC
A83: UNIDAD DE FULL PUEBLA | B83: S | C83: 3 | D83: A | E83: MONICAH | F83: 19481 | G83: 46072 | H83: 46072 | I83: 46072 | J83: 46072 | K83: TOC-45 | L83: 00440 | M83: RAMOS DEL ROSARIO, HUGO | N83: WALMART PUEBLA | O83: HUBP-6312 | P83: PUEBLA, PUEBLA | Q83: PUEBLA, PUEBLA | R83: 604651-C | S83: 23305721 | T83: 14.5 | U83: 0 | V83: 1311096/1311097 | W83: 0 | X83: FWP-0241589 | Y83: 431.12 | Z83: 131.08 | AA83: 125.04 | AB83: 175 | AC83: 0 | AD83: 41 | AG83: 0 | AH83: 0 | AL83: 46073.255 | AM83: JUANMGC | AN83: 476YF4
A84: UNIDAD DE FULL PUEBLA | B84: S | C84: 3 | D84: A | E84: MONICAH | F84: 19482 | G84: 46072 | H84: 46072 | I84: 46072 | J84: 46072 | K84: TOC-45 | L84: 00440 | M84: RAMOS DEL ROSARIO, HUGO | N84: WALMART PUEBLA | O84: 6312-HUBP | P84: PUEBLA, PUEBLA | Q84: PUEBLA, PUEBLA | R84: 604651-V | S84: 23322011 | T84: 12.8 | U84: 0 | V84: 604651-V | W84: 0 | X84: FWP-0241765 | Y84: 429.59 | Z84: 115.71 | AA84: 110.43 | AB84: 203.45 | AC84: 0 | AD84: 61 | AG84: 0 | AH84: 0 | AL84: 46073.754 | AM84: CARLOSPC
A85: UNIDAD DE FULL PUEBLA | B85: S | C85: 3 | D85: A | E85: MONICAH | F85: 19533 | G85: 46072 | H85: 46072 | I85: 46072 | J85: 46072 | K85: TOC-45 | L85: 00440 | M85: RAMOS DEL ROSARIO, HUGO | N85: WALMART PUEBLA | O85: HUBP-6312 | P85: PUEBLA, PUEBLA | Q85: PUEBLA, PUEBLA | R85: 604691-C | S85: 23309502 | T85: 14.5 | U85: 0 | V85: 1311136/1311137 | W85: 0 | X85: FWP-0241590 | Y85: 431.12 | Z85: 131.08 | AA85: 125.04 | AB85: 175 | AC85: 0 | AD85: 13 | AG85: 0 | AH85: 0 | AL85: 46073.255 | AM85: JUANMGC | AN85: 18YA8C
A86: UNIDAD DE FULL PUEBLA | B86: S | C86: 3 | D86: A | E86: MONICAH | F86: 19534 | G86: 46072 | H86: 46072 | I86: 46072 | J86: 46072 | K86: TOC-45 | L86: 00440 | M86: RAMOS DEL ROSARIO, HUGO | N86: WALMART PUEBLA | O86: 6312-HUBP | P86: PUEBLA, PUEBLA | Q86: PUEBLA, PUEBLA | R86: 604691-V | S86: 23321992 | T86: 12.8 | U86: 0 | V86: 604691-V | W86: 0 | X86: FWP-0241764 | Y86: 429.59 | Z86: 115.71 | AA86: 110.43 | AB86: 203.45 | AC86: 0 | AD86: 8 | AG86: 0 | AH86: 0 | AL86: 46073.754 | AM86: CARLOSPC
A87: UNIDAD DE FULL PUEBLA | B87: S | C87: 3 | D87: A | E87: ALMAVIVAS | F87: 19667 | G87: 46072 | H87: 46072 | I87: 46072 | J87: 46072 | K87: TRA-287 | L87: 01772 | M87: ROJAS MENDIETA, ADRIAN | N87: WALMART PUEBLA | O87: HUBP-1768 | P87: PUEBLA, PUEBLA | Q87: PUEBLA, PUEBLA | R87: 604526-C | S87: 23314129 | T87: 22.5 | U87: 0 | V87: 1311358/1311356 | W87: 0 | X87: FWP-0241601 | Y87: 402.73 | Z87: 206.11 | AA87: 196.62 | AB87: 0 | AC87: 0 | AD87: 12 | AG87: 1 | AH87: 1 | AI87: 46077.758 | AJ87: SILVIA | AK87: ADRIAN ROJAS MENDIETA | AL87: 46073.334 | AM87: ALBAAN | AN87: 724YG5
A88: UNIDAD DE FULL PUEBLA | B88: S | C88: 3 | D88: A | E88: ALMAVIVAS | F88: 19668 | G88: 46072 | H88: 46072 | I88: 46072 | J88: 46072 | K88: TRA-287 | L88: 01772 | M88: ROJAS MENDIETA, ADRIAN | N88: WALMART PUEBLA | O88: 1768-HUBP | P88: PUEBLA, PUEBLA | Q88: PUEBLA, PUEBLA | R88: 604526-V | S88: 23323072 | T88: 22.5 | U88: 0 | V88: 604526-V | W88: 0 | X88: FWP-0241761 | Y88: 422.17 | Z88: 216.06 | AA88: 206.11 | AB88: 0 | AC88: 0 | AD88: 7 | AG88: 1 | AH88: 1 | AI88: 46077.758 | AJ88: SILVIA | AK88: ADRIAN ROJAS MENDIETA | AL88: 46073.754 | AM88: CARLOSPC | AN88: 724YG5
A89: UNIDAD DE FULL PUEBLA | B89: S | C89: 3 | D89: A | E89: ALMAVIVAS | F89: 19803 | G89: 46072 | H89: 46072 | I89: 46072 | J89: 46072 | K89: TRA-287 | L89: 01772 | M89: ROJAS MENDIETA, ADRIAN | N89: WALMART PUEBLA | O89: HUBP-4988 | P89: PUEBLA, PUEBLA | Q89: CHOLULA, PUEBLA | R89: 606043-C | S89: 23319367 | T89: 13.4 | U89: 0 | V89: 1312521/ COPIA CARTA PORTE | W89: 0 | X89: FWP-0241624 | Y89: 236.7 | Z89: 121.14 | AA89: 115.56 | AB89: 0 | AC89: 0 | AD89: 13 | AG89: 1 | AH89: 1 | AI89: 46077.523 | AJ89: SILVIA | AK89: ADRIAN ROJAS MENDIETA | AL89: 46073.376 | AM89: ALBAAN | AN89: 70UJ6J
A90: UNIDAD DE FULL PUEBLA | B90: S | C90: 3 | D90: A | E90: ALMAVIVAS | F90: 19804 | G90: 46072 | H90: 46072 | I90: 46072 | J90: 46072 | K90: TRA-287 | L90: 01772 | M90: ROJAS MENDIETA, ADRIAN | N90: WALMART PUEBLA | O90: 4988-HUBP | P90: CHOLULA, PUEBLA | Q90: PUEBLA, PUEBLA | R90: 606043-V | S90: 23325749 | T90: 18.3 | U90: 0 | V90: 606043-V COPIA CARTA PORTE | W90: 0 | X90: FWP-0241791 | Y90: 323.31 | Z90: 165.43 | AA90: 157.88 | AB90: 0 | AC90: 0 | AD90: 6 | AG90: 1 | AH90: 1 | AI90: 46077.524 | AJ90: SILVIA | AK90: ADRIAN ROJAS MENDIETA | AL90: 46073.757 | AM90: CARLOSPC | AN90: 76UJ6J
A91: UNIDAD DE FULL PUEBLA | B91: S | C91: 3 | D91: A | E91: ALMAVIVAS | F91: 19313 | G91: 46073 | H91: 46073 | I91: 46073 | J91: 46073 | K91: TRA-287 | L91: 01772 | M91: ROJAS MENDIETA, ADRIAN | N91: WALMART PUEBLA | O91: HUBP-4065 | P91: PUEBLA, PUEBLA | Q91: IZUCAR DE MATAMOROS, PUEBLA | R91: 604569-C | S91: 23311068 | T91: 80.4 | U91: 0 | V91: 3319042/1311297 COPIA CARTA PORTE | W91: 0 | X91: FWP-0241813 | Y91: 1673.66 | Z91: 726.82 | AA91: 680.46 | AB91: 266.38 | AC91: 0 | AD91: 11 | AG91: 1 | AH91: 1 | AI91: 46078.478 | AJ91: SILVIA | AK91: ADRIN ROJAS MENDIETA | AL91: 46073.79 | AM91: CARLOSPC | AN91: 718YG5
A92: UNIDAD DE FULL PUEBLA | B92: S | C92: 3 | D92: A | E92: ALMAVIVAS | F92: 19314 | G92: 46073 | H92: 46073 | I92: 46073 | J92: 46073 | K92: TRA-287 | L92: 01772 | M92: ROJAS MENDIETA, ADRIAN | N92: WALMART PUEBLA | O92: 4065-HUBP | P92: IZUCAR DE MATAMOROS, PUEBLA | Q92: PUEBLA, PUEBLA | R92: 604569-V | S92: 23329404 | T92: 75.6 | U92: 0 | V92: 604569-V COPIA CARTA PORTE | W92: 0 | Y92: 0 | Z92: 699.7 | AA92: 655.03 | AB92: 266.38 | AC92: 0 | AG92: 1 | AH92: 1 | AI92: 46078.478 | AJ92: SILVIA | AK92: ADRIAN ROJA MENDIETA | AL92: 46074.914 | AN92: 456YF4
A93: UNIDAD DE FULL PUEBLA | B93: S | C93: 3 | D93: A | E93: ALMAVIVAS | F93: 19326 | G93: 46073 | H93: 46073 | I93: 46073 | J93: 46073 | K93: TRA-287 | L93: 01772 | M93: ROJAS MENDIETA, ADRIAN | N93: WALMART PUEBLA | O93: HUBP-1579 | P93: PUEBLA, PUEBLA | Q93: PUEBLA, PUEBLA | R93: 604504-C | S93: 23312699 | T93: 20.6 | U93: 0 | V93: 3319053/1311282 | W93: 0 | X93: FWP-0241632 | Y93: 363.95 | Z93: 186.22 | AA93: 177.73 | AB93: 0 | AC93: 0 | AD93: 4 | AG93: 0 | AH93: 0 | AL93: 46073.543 | AM93: SILVIA | AN93: 429YH5
A94: UNIDAD DE FULL PUEBLA | B94: S | C94: 3 | D94: A | E94: ALMAVIVAS | F94: 19327 | G94: 46073 | H94: 46073 | I94: 46073 | J94: 46073 | K94: TRA-287 | L94: 01772 | M94: ROJAS MENDIETA, ADRIAN | N94: WALMART PUEBLA | O94: 1579-HUBP | P94: PUEBLA, PUEBLA | Q94: PUEBLA, PUEBLA | R94: 604504-V | S94: 23343941 | T94: 21.5 | U94: 0 | V94: 604504-V// 23328482 ID CANCELADO | W94: 0 | X94: FWP-0242363 | Y94: 402.56 | Z94: 206.11 | AA94: 196.45 | AB94: 0 | AC94: 0 | AG94: 0 | AH94: 0 | AI94: 46077.782 | AJ94: . | AK94: . | AL94: 46078.749 | AM94: ELIZAPALE | AN94: 429YH5
A95: UNIDAD DE FULL PUEBLA | B95: S | C95: 3 | D95: A | E95: MONICAH | F95: 19594 | G95: 46073 | H95: 46073 | I95: 46073 | J95: 46073 | K95: TOC-39 | L95: 00489 | M95: LOPEZ GONZALEZ, CRISTIAN | N95: WALMART PUEBLA | O95: HUBP-2732 | P95: PUEBLA, PUEBLA | Q95: PUEBLA, PUEBLA | R95: 606021-C | S95: 23318187 | T95: 25.2 | U95: 0 | V95: 1311773/3320779 | W95: 0 | X95: FWP-0241746 | Y95: 445.04 | Z95: 227.81 | AA95: 217.23 | AB95: 0 | AC95: 0 | AD95: 50 | AG95: 0 | AH95: 0 | AL95: 46073.716 | AM95: SILVIA | AN95: 27YA4H
A96: UNIDAD DE FULL PUEBLA | B96: S | C96: 3 | D96: A | E96: MONICAH | F96: 19595 | G96: 46073 | H96: 46073 | I96: 46073 | J96: 46073 | K96: TOC-39 | L96: 00489 | M96: LOPEZ GONZALEZ, CRISTIAN | N96: WALMART PUEBLA | O96: 2732-HUBP | P96: PUEBLA, PUEBLA | Q96: PUEBLA, PUEBLA | R96: 606021-V | S96: 23323778 | T96: 37 | U96: 0 | V96: 606021-V | W96: 0 | X96: FWP-0241780 | Y96: 959.73 | Z96: 334.48 | AA96: 319.22 | AB96: 306.03 | AC96: 0 | AD96: 51 | AG96: 0 | AH96: 0 | AL96: 46073.756 | AM96: CARLOSPC | AN96: CAJA SECA 39UE1U
A97: UNIDAD DE FULL PUEBLA | B97: S | C97: 3 | D97: A | E97: ALMAVIVAS | F97: 19731 | G97: 46073 | H97: 46073 | I97: 46073 | J97: 46073 | K97: TRA-198 | L97: 00037 | M97: CAMPOS GARCIA, BOMFILIO | N97: WALMART PUEBLA | O97: HUBP-6312 | P97: PUEBLA, PUEBLA | Q97: PUEBLA, PUEBLA | R97: 606033-C | S97: 23318776 | T97: 14.5 | U97: 0 | V97: 1312485 | W97: 0 | X97: FWP-0241749 | Y97: 431.18 | Z97: 131.08 | AA97: 125.1 | AB97: 175 | AC97: 0 | AD97: 62 | AG97: 0 | AH97: 0 | AL97: 46073.732 | AM97: SILVIA | AN97: 606YG8
A98: UNIDAD DE FULL PUEBLA | B98: S | C98: 3 | D98: A | E98: ALMAVIVAS | F98: 19732 | G98: 46073 | H98: 46073 | I98: 46073 | J98: 46073 | K98: TRA-198 | L98: 00037 | M98: CAMPOS GARCIA, BOMFILIO | N98: WALMART PUEBLA | O98: 6312-HUBP | P98: PUEBLA, PUEBLA | Q98: PUEBLA, PUEBLA | R98: 606033-V | S98: 23330259 | T98: 12.8 | U98: 0 | V98: 606033-V | W98: 0 | X98: FWP-0241864 | Y98: 429.58 | Z98: 115.71 | AA98: 110.42 | AB98: 203.45 | AC98: 0 | AD98: 49 | AG98: 0 | AH98: 0 | AL98: 46074.936 | AM98: JUANMGC | AN98: CAJA SECA 96UH2S
A99: UNIDAD DE FULL PUEBLA | B99: S | C99: 3 | D99: A | E99: ALMAVIVAS | F99: 19757 | G99: 46073 | H99: 46073 | I99: 46073 | J99: 46073 | K99: TRA-287 | L99: 01772 | M99: ROJAS MENDIETA, ADRIAN | N99: WALMART PUEBLA | O99: HUBP-4730 | P99: PUEBLA, PUEBLA | Q99: PUEBLA, PUEBLA | R99: 606053-C | S99: 23319536 | T99: 22.4 | U99: 0 | V99: 3321505/1312902 COPIA CARTA PORTE | W99: 0 | X99: FWP-0241750 | Y99: 570.67 | Z99: 202.5 | AA99: 193.17 | AB99: 175 | AC99: 0 | AD99: 7 | AG99: 1 | AH99: 1 | AI99: 46078.56 | AJ99: SILVIA | AK99: ADRIAN ROJAS MENDIETA | AL99: 46073.735 | AM99: SILVIA | AN99: 862YG5
A100: UNIDAD DE FULL PUEBLA | B100: S | C100: 3 | D100: A | E100: ALMAVIVAS | F100: 19758 | G100: 46073 | H100: 46073 | I100: 46073 | J100: 46073 | K100: TRA-287 | L100: 01772 | M100: ROJAS MENDIETA, ADRIAN | N100: WALMART PUEBLA | O100: 4730-HUBP | P100: PUEBLA, PUEBLA | Q100: PUEBLA, PUEBLA | R100: 606053-V | S100: 23329447 | T100: 21 | U100: 0 | V100: 606053-V COPIA CARTA PORTE | W100: 0 | Y100: 0 | Z100: 189.84 | AA100: 181.16 | AB100: 306.03 | AC100: 0 | AG100: 1 | AH100: 1 | AI100: 46078.561 | AJ100: SILVIA | AK100: ADRIAN ROJAS MENDIETA | AL100: 46074.914 | AN100: 414YH5
...

Sheet RESUMEN 1
B2: UNIDADES FULL EN VIAJES SENCILLOS
B3: UNIDAD | C3: VIAJES SENCILLOS CARGADOS | D3: COMENTARIOS
B4: TRA-341 | C4: 18 | D4: UNIDAD DE MULITAS PUEBLA
B5: TRA-214 | C5: 2 | D5: UNIDAD DE MULITAS PUEBLA
B6: TRA-345 | C6: 2 | D6: UNIDAD DE MULITAS PUEBLA
B7: TRA-241 | C7: 8 | D7: UNIDAD DE MULITAS PUEBLA
B8: TRA-287 | C8: 37 | D8: UNIDAD DE MULITAS PUEBLA
B9: TRA-263 | C9: 2 | D9: UNIDAD DE MULITAS PUEBLA
B10: TRA-284 | C10: 1 | D10: UNIDAD DE MULITAS PUEBLA
B11: TRA-307 | C11: 4 | D11: UNIDAD DE MULITAS PUEBLA
B12: TRA-163 | C12: 1 | D12: UNIDAD DE MULITAS PUEBLA
B13: TRA-271 | C13: 2 | D13: UNIDAD DE MULITAS PUEBLA
B14: TOC-45 | C14: 4 | D14: UNIDAD DE MULITAS PUEBLA
B15: TOC-39 | C15: 4 | D15: UNIDAD DE MULITAS PUEBLA
... B20: TRA-157 | C20: 2 | D20: UNIDAD DE MULITAS PUEBLA
A21: TOTALES | B21: 17 | C21: 99
F24: FOTO COMPARTIDA DE POOL PUEBLA SENCILLOS

Sheet S-FULL
A1: UNIDADES DE SENCILLO HACIENDO VIAJES DE FULL 12-02-2026 AL DIA 26-02-2026
A2: Columna libre | B2: TipoRemolque | C2: NumFase | D2: Status | E2: Viajes.CrUsuario | F2: ID | G2: FechaProgCarga | H2: FechaRealCarga | I2: FechaInicioReal | J2: FechaRealDescarga | K2: ID_Tractor | L2: ID_Operador | M2: Operadores.Descripcion | N2: Clientes.Descripcion | O2: ID_Ruta | P2: Origen | Q2: Destino | R2: Numremision | S2: NumCarga | T2: Kilometros | U2: ImporteFlete | V2: Observaciones | W2: ImporteManiobras | X2: ID_Factura | Y2: ImporteFacturado | Z2: ImporteOtros1 | AA2: ImporteOtros2 | AB2: ImporteAutopistas | AC2: ImporteSeguro | AD2: TotLitros | AE2: ID_Permisionario | AF2: ImporteTotal | AG2: DocumentacionViajeRecibida | AH2: DocumentacionCorrecta | AI2: FechaRecepcionDoctos | AJ2: UsuarioRecibioDoctos | AK2: UsuarioEntregoDoctos | AL2: FechaSeFacturo | AM2: facturas.CrUsuario | AN2: DescripcionRemolque1 | AO2: DescripcionRemolque2
A3: NO ESTA EN POOL PÉRO ES DE F PUEBLA | B3: F | C3: 4 | D3: C | E3: MROCIO | F3: 16530 | G3: 46065 | H3: 46065 | I3: 46065 | J3: 46065 | K3: TRA-321 | L3: 00622 | M3: CASOLCO ZARCO, CARLOS ALEJANDRO | N3: WALMART PUEBLA | O3: HUBP-CDCH | P3: PUEBLA, PUEBLA | Q3: CHALCO DE DIAZ COVARRUBIAS, EDO. DE MEXICO | R3: 604407-V | S3: 23281995 | T3: 96.4 | U3: 0 | V3: 604407-V/ SIN HOJA DE ID | W3: 0 | X3: FWP-0240953 | Y3: 2769.99 | Z3: 617.92 | AA3: 1122.76 | AB3: 1029.31 | AC3: 0 | AD3: 81 | AG3: 1 | AH3: 1 | AI3: 46072.501 | AJ3: OSCAR GONZALEZ | AK3: CARLOS ALEJANDRO CASOLCO ZARCO | AL3: 46069.719 | AM3: CARLOSPC | AN3: 06UG8M | AO3: 334YG4 | AP3: =IF(ISNUMBER(FIND("C",R3)),"C","V") -> V
A4: NO ESTA EN POOL PÉRO ES DE F PUEBLA | B4: F | C4: 4 | D4: C | E4: MROCIO | F4: 16529 | G4: 46065 | H4: 46065.125 | I4: 46065.125 | J4: 46065.375 | K4: TRA-321 | L4: 00622 | M4: CASOLCO ZARCO, CARLOS ALEJANDRO | N4: WALMART PUEBLA | O4: CDCH-HUBP | P4: CHALCO DE DIAZ COVARRUBIAS, EDO. DE MEXICO | Q4: CUAUTLANCINGO, PUEBLA | R4: 604407-C | S4: 23272438 | T4: 97.5 | U4: 0 | V4: 1306370-3315389-1306369 | W4: 0 | X4: FWCH-0115429 | Y4: 2797.84 | Z4: 624.98 | AA4: 1143.55 | AB4: 1029.31 | AC4: 0 | AD4: 159 | AG4: 1 | AH4: 1 | AI4: 46072.499 | AJ4: OSCAR GONZALEZ | AK4: CARLOS ALEJANDRO CASOLCO ZARCO | AL4: 46065.474 | AM4: SILVIA | AN4: 34UF3S | AO4: 71YA8M | AP4: =IF(ISNUMBER(FIND("C",R4)),"C","V") -> C
A5: NO ESTA EN POOL PÉRO ES DE F PUEBLA | B5: F | C5: 3 | D5: A | E5: CMARTINEZ | F5: 17361 | G5: 46067 | H5: 46067 | I5: 46067 | J5: 46067 | K5: TRA-238 | L5: 01469 | M5: LOPEZ GARCIA, ARTURO JESUS | N5: WALMART PUEBLA | O5: CDCH-HUBP | P5: CHALCO DE DIAZ COVARRUBIAS, EDO. DE MEXICO | Q5: CUAUTLANCINGO, PUEBLA | R5: 604116-C | S5: 23288990 | T5: 97.5 | U5: 0 | V5: 1308854-3317089-1309135-3318047 | W5: 0 | X5: FWP-0241038 | Y5: 2797.77 | Z5: 624.98 | AA5: 1143.48 | AB5: 1029.31 | AC5: 0 | AG5: 1 | AH5: 1 | AI5: 46076.446 | AJ5: ALEJANDRO MENDEZ | AK5: ARTURO JESUS LOPEZ GARCIA | AL5: 46069.899 | AM5: JUANMGC | AN5: 50UF3S | AO5: 891XT7 | AP5: =IF(ISNUMBER(FIND("C",R5)),"C","V") -> C
A6: NO ESTA EN POOL PÉRO ES DE F PUEBLA | B6: F | C6: 3 | D6: A | E6: CMARTINEZ | F6: 17362 | G6: 46067 | H6: 46067 | I6: 46067 | J6: 46067 | K6: TRA-238 | L6: 01469 | M6: LOPEZ GARCIA, ARTURO JESUS | N6: WALMART PUEBLA | O6: HUBP-CDCH | P6: PUEBLA, PUEBLA | Q6: CHALCO DE DIAZ COVARRUBIAS, EDO. DE MEXICO | R6: 604116-V | S6: 23293444 | T6: 96.4 | U6: 0 | W6: 0 | X6: FWP-0241436 | Y6: 2770.15 | Z6: 617.92 | AA6: 1122.92 | AB6: 1029.31 | AC6: 0 | AG6: 1 | AH6: 1 | AI6: 46076.721 | AJ6: ALEJANDRO MENDEZ | AK6: ARTURO JESUS LOPEZ GARCIA | AL6: 46072.09 | AM6: JUANMGC | AP6: =IF(ISNUMBER(FIND("C",R6)),"C","V") -> V
A7: FULL CORDOBA | B7: F | C7: 4 | D7: C | E7: CMARTINEZ | F7: 17403 | G7: 46067 | H7: 46067 | I7: 46067 | J7: 46067 | K7: TRA-255 | L7: 01875 | M7: SANTANA LEON, SERGIO | N7: WALMART PUEBLA | O7: HUBP-CDCH | P7: PUEBLA, PUEBLA | Q7: CHALCO DE DIAZ COVARRUBIAS, EDO. DE MEXICO | R7: 604129-V | S7: 23293476 | T7: 96.4 | U7: 0 | W7: 0 | X7: FWP-0241438 | Y7: 2770.15 | Z7: 617.92 | AA7: 1122.92 | AB7: 1029.31 | AC7: 0 | AD7: 86 | AG7: 1 | AH7: 1 | AI7: 46076.72 | AJ7: ALEJANDRO MENDEZ | AK7: SERGIO SANTANA LEON | AL7: 46072.09 | AM7: JUANMGC | AP7: =IF(ISNUMBER(FIND("C",R7)),"C","V") -> V
A8: FULL CORDOBA | B8: F | C8: 4 | D8: C | E8: CMARTINEZ | F8: 17401 | G8: 46067 | H8: 46067.125 | I8: 46067.125 | J8: 46067.375 | K8: TRA-255 | L8: 01875 | M8: SANTANA LEON, SERGIO | N8: WALMART PUEBLA | O8: CDCH-HUBP | P8: CHALCO DE DIAZ COVARRUBIAS, EDO. DE MEXICO | Q8: CUAUTLANCINGO, PUEBLA | R8: 604129-C | S8: 23289210 | T8: 97.5 | U8: 0 | V8: 1308546-1308547-1308501-1308502 | W8: 0 | X8: FWCH-0115675 | Y8: 2797.77 | Z8: 624.98 | AA8: 1143.48 | AB8: 1029.31 | AC8: 0 | AD8: 135 | AG8: 1 | AH8: 1 | AI8: 46076.437 | AJ8: ALEJANDRO MENDEZ | AK8: SERGIO SANTANA LEON | AL8: 46067.659 | AM8: CARLOSPC | AN8: 59UH9X | AO8: 661XT7 | AP8: =IF(ISNUMBER(FIND("C",R8)),"C","V") -> C
A9: FULL CORDOBA | B9: F | C9: 4 | D9: C | E9: CMARTINEZ | F9: 17746 | G9: 46068 | H9: 46068 | I9: 46068 | J9: 46068 | K9: TRA-330 | L9: 01649 | M9: MUÑOZ AMAYO, GABRIEL | N9: WALMART PUEBLA | O9: HUBP-CDCH | P9: PUEBLA, PUEBLA | Q9: CHALCO DE DIAZ COVARRUBIAS, EDO. DE MEXICO | R9: 604011-V | S9: 23299675 | T9: 96.4 | U9: 0 | W9: 0 | X9: FWP-0241450 | Y9: 2770.08 | Z9: 617.92 | AA9: 1122.85 | AB9: 1029.31 | AC9: 0 | AG9: 0 | AH9: 0 | AI9: 46071.708 | AJ9: . | AK9: . | AL9: 46072.099 | AM9: JUANMGC | AP9: =IF(ISNUMBER(FIND("C",R9)),"C","V") -> V
A10: FULL CORDOBA | B10: F | C10: 4 | D10: C | E10: CMARTINEZ | F10: 17785 | G10: 46068 | H10: 46068 | I10: 46068 | J10: 46068 | K10: TRA-369 | L10: 01849 | M10: PONCE GALINDO, SANTOS | N10: WALMART PUEBLA | O10: HUBP-CDCH | P10: PUEBLA, PUEBLA | Q10: CHALCO DE DIAZ COVARRUBIAS, EDO. DE MEXICO | R10: 604031-V | S10: 23299809 | T10: 96.4 | U10: 0 | W10: 0 | X10: FWP-0241458 | Y10: 2770.08 | Z10: 617.92 | AA10: 1122.85 | AB10: 1029.31 | AC10: 0 | AG10: 1 | AH10: 1 | AI10: 46077.704 | AJ10: ALEJANDRO MENDEZ | AK10: SANTOS PONCE GALINDO | AL10: 46072.101 | AM10: JUANMGC | AP10: =IF(ISNUMBER(FIND("C",R10)),"C","V") -> V
A11: NO ESTA EN POOL PÉRO ES DE F PUEBLA | B11: F | C11: 4 | D11: C | E11: CMARTINEZ | F11: 17797 | G11: 46068 | H11: 46068 | I11: 46068 | J11: 46068 | K11: TRA-321 | L11: 00622 | M11: CASOLCO ZARCO, CARLOS ALEJANDRO | N11: WALMART PUEBLA | O11: HUBP-CDCH | P11: PUEBLA, PUEBLA | Q11: CHALCO DE DIAZ COVARRUBIAS, EDO. DE MEXICO | R11: 604037-V | S11: 23299784 | T11: 96.4 | U11: 0 | W11: 0 | X11: FWP-0241455 | Y11: 2770.08 | Z11: 617.92 | AA11: 1122.85 | AB11: 1029.31 | AC11: 0 | AD11: 81 | AG11: 1 | AH11: 1 | AI11: 46077.706 | AJ11: ALEJANDRO MENDEZ | AK11: CARLOS ALEJANDRO CASOLCO ZARCO | AL11: 46072.101 | AM11: JUANMGC | AP11: =IF(ISNUMBER(FIND("C",R11)),"C","V") -> V
A12: FULL CORDOBA | B12: F | C12: 4 | D12: C | E12: CMARTINEZ | F12: 17825 | G12: 46068 | H12: 46068 | I12: 46068 | J12: 46068 | K12: TOC-358 | L12: 01179 | M12: GARCIA PICHARDO, JESUS EUGENIO | N12: WALMART PUEBLA | O12: HUBP-CDCH | P12: PUEBLA, PUEBLA | Q12: CHALCO DE DIAZ COVARRUBIAS, EDO. DE MEXICO | R12: 604930-V | S12: 23299966 | T12: 96.4 | U12: 0 | W12: 0 | X12: FWP-0241461 | Y12: 2770.08 | Z12: 617.92 | AA12: 1122.85 | AB12: 1029.31 | AC12: 0 | AG12: 1 | AH12: 1 | AI12: 46077.703 | AJ12: ALEJANDRO MENDEZ | AK12: JESUS EUGENIO GARCIA PICHARDO | AL12: 46072.102 | AM12: JUANMGC | AO12: XXXX | AP12: =IF(ISNUMBER(FIND("C",R12)),"C","V") -> V
A13: FULL CORDOBA | B13: F | C13: 4 | D13: C | E13: MROCIO | F13: 17968 | G13: 46068 | H13: 46068 | I13: 46068 | J13: 46068 | K13: TRA-255 | L13: 01875 | M13: SANTANA LEON, SERGIO | N13: WALMART PUEBLA | O13: HUBP-CDCH | P13: PUEBLA, PUEBLA | Q13: CHALCO DE DIAZ COVARRUBIAS, EDO. DE MEXICO | R13: 604941-V | S13: 23300170 | T13: 96.4 | U13: 0 | W13: 0 | X13: FWP-0241469 | Y13: 2770.08 | Z13: 617.92 | AA13: 1122.85 | AB13: 1029.31 | AC13: 0 | AD13: 90 | AG13: 1 | AH13: 1 | AI13: 46076.7 | AJ13: ALEJANDRO MENDEZ | AK13: SERGIO SANTANA LEON | AL13: 46072.103 | AM13: JUANMGC | AP13: =IF(ISNUMBER(FIND("C",R13)),"C","V") -> V
A14: FULL CORDOBA | B14: F | C14: 4 | D14: C | E14: MROCIO | F14: 17970 | G14: 46068 | H14: 46068 | I14: 46068 | J14: 46068 | K14: TRA-252 | L14: 00796 | M14: VARGAS MARTINEZ, ERIK JULIO | N14: WALMART PUEBLA | O14: HUBP-CDCH | P14: PUEBLA, PUEBLA | Q14: CHALCO DE DIAZ COVARRUBIAS, EDO. DE MEXICO | R14: 604944-V | S14: 23300167 | T14: 96.4 | U14: 0 | W14: 0 | X14: FWP-0241468 | Y14: 2770.08 | Z14: 617.92 | AA14: 1122.85 | AB14: 1029.31 | AC14: 0 | AD14: 84 | AG14: 1 | AH14: 1 | AI14: 46076.7 | AJ14: ALEJANDRO MENDEZ | AK14: ERIK JULIO VARGAS MARTINEZ | AL14: 46072.103 | AM14: JUANMGC | AP14: =IF(ISNUMBER(FIND("C",R14)),"C","V") -> V
A15: CUAUTI | B15: F | C15: 3 | D15: A | E15: MROCIO | F15: 17972 | G15: 46068 | H15: 46068 | I15: 46068 | J15: 46068 | K15: TOC-35 | L15: 00141 | M15: JIMENEZ DIAZ, VICTOR MANUEL | N15: WALMART PUEBLA | O15: HUBP-CDCH | P15: PUEBLA, PUEBLA | Q15: CHALCO DE DIAZ COVARRUBIAS, EDO. DE MEXICO | R15: 604947-V | S15: 23300164 | T15: 96.4 | U15: 0 | W15: 0 | X15: FWP-0241467 | Y15: 2770.08 | Z15: 617.92 | AA15: 1122.85 | AB15: 1029.31 | AC15: 0 | AD15: 41 | AG15: 1 | AH15: 1 | AI15: 46076.7 | AJ15: ALEJANDRO MENDEZ | AK15: VICTOR AMNUEL JIMENEZ DIAZ | AL15: 46072.103 | AM15: JUANMGC | AN15: XXXX | AO15: XXXX | AP15: =IF(ISNUMBER(FIND("C",R15)),"C","V") -> V
A16: FULL CORDOBA | B16: F | C16: 4 | D16: C | E16: CMARTINEZ | F16: 17745 | G16: 46068 | H16: 46068.125 | I16: 46068.125 | J16: 46068.375 | K16: TRA-330 | L16: 01649 | M16: MUÑOZ AMAYO, GABRIEL | N16: WALMART PUEBLA | O16: CDCH-HUBP | P16: CHALCO DE DIAZ COVARRUBIAS, EDO. DE MEXICO | Q16: CUAUTLANCINGO, PUEBLA | R16: 604011-C | S16: 23293423 | T16: 97.5 | U16: 0 | V16: 1308936-1308937 | W16: 0 | X16: FWCH-0115707 | Y16: 2797.82 | Z16: 624.98 | AA16: 1143.53 | AB16: 1029.31 | AC16: 0 | AG16: 0 | AH16: 0 | AL16: 46068.426 | AM16: JUANMGC | AN16: 355YG5 | AO16: 44UJ6J | AP16: =IF(ISNUMBER(FIND("C",R16)),"C","V") -> C
A17: FULL CORDOBA | B17: F | C17: 4 | D17: C | E17: CMARTINEZ | F17: 17784 | G17: 46068 | H17: 46068.125 | I17: 46068.125 | J17: 46068.375 | K17: TRA-369 | L17: 01849 | M17: PONCE GALINDO, SANTOS | N17: WALMART PUEBLA | O17: CDCH-HUBP | P17: CHALCO DE DIAZ COVARRUBIAS, EDO. DE MEXICO | Q17: CUAUTLANCINGO, PUEBLA | R17: 604031-C | S17: 23294891 | T17: 97.5 | U17: 0 | V17: 1309655-1309656-1309642 | W17: 0 | X17: FWCH-0115716 | Y17: 2797.82 | Z17: 624.98 | AA17: 1143.53 | AB17: 1029.31 | AC17: 0 | AG17: 1 | AH17: 1 | AI17: 46077.449 | AJ17: ALEJANDRO MENDEZ | AK17: SANTOS PONCE GALINDO | AL17: 46068.719 | AM17: JUANMGC | AN17: 952YG3 | AO17: 144YC7 | AP17: =IF(ISNUMBER(FIND("C",R17)),"C","V") -> C
A18: NO ESTA EN POOL PÉRO ES DE F PUEBLA | B18: F | C18: 4 | D18: C | E18: CMARTINEZ | F18: 17795 | G18: 46068 | H18: 46068.125 | I18: 46068.125 | J18: 46068.375 | K18: TRA-321 | L18: 00622 | M18: CASOLCO ZARCO, CARLOS ALEJANDRO | N18: WALMART PUEBLA | O18: CDCH-HUBP | P18: CHALCO DE DIAZ COVARRUBIAS, EDO. DE MEXICO | Q18: CUAUTLANCINGO, PUEBLA | R18: 604037-C | S18: 23294556 | T18: 97.5 | U18: 0 | V18: 1309120-3318085-1309200-3318929 | W18: 0 | X18: FWCH-0115713 | Y18: 2797.82 | Z18: 624.98 | AA18: 1143.53 | AB18: 1029.31 | AC18: 0 | AD18: 141 | AG18: 1 | AH18: 1 | AI18: 46077.442 | AJ18: ALEJANDRO MENDEZ | AK18: CARLOS ALEJANDRO CASOLCO ZARCO | AL18: 46068.668 | AM18: JUANMGC | AN18: 32YA6C | AO18: 869YG5 | AP18: =IF(ISNUMBER(FIND("C",R18)),"C","V") -> C
A19: FULL CORDOBA | B19: F | C19: 4 | D19: C | E19: CMARTINEZ | F19: 17824 | G19: 46068 | H19: 46068.125 | I19: 46068.125 | J19: 46068.375 | K19: TOC-358 | L19: 01179 | M19: GARCIA PICHARDO, JESUS EUGENIO | N19: WALMART PUEBLA | O19: CDCH-HUBP | P19: CHALCO DE DIAZ COVARRUBIAS, EDO. DE MEXICO | Q19: CUAUTLANCINGO, PUEBLA | R19: 604930-C | S19: 23294977 | T19: 97.5 | U19: 0 | V19: 1309185-3318026-1309121 | W19: 0 | X19: FWCH-0115725 | Y19: 2797.82 | Z19: 624.98 | AA19: 1143.53 | AB19: 1029.31 | AC19: 0 | AG19: 1 | AH19: 1 | AI19: 46077.444 | AJ19: ALEJANDRO MENDEZ | AK19: JESUS EUGENIO GARCIA PICHARDO | AL19: 46068.868 | AM19: CARLOSPC | AN19: 760YF9 | AO19: 145YF5 | AP19: =IF(ISNUMBER(FIND("C",R19)),"C","V") -> C
A20: FULL CORDOBA | B20: F | C20: 4 | D20: C | E20: MROCIO | F20: 17967 | G20: 46068 | H20: 46068.125 | I20: 46068.125 | J20: 46068.375 | K20: TRA-255 | L20: 01875 | M20: SANTANA LEON, SERGIO | N20: WALMART PUEBLA | O20: CDCH-HUBP | P20: CHALCO DE DIAZ COVARRUBIAS, EDO. DE MEXICO | Q20: CUAUTLANCINGO, PUEBLA | R20: 604941-C | S20: 23296931 | T20: 97.5 | U20: 0 | V20: 1308889-3318846-1308971-3318883 | W20: 0 | X20: FWCH-0115741 | Y20: 2797.82 | Z20: 624.98 | AA20: 1143.53 | AB20: 1029.31 | AC20: 0 | AD20: 110 | AG20: 1 | AH20: 1 | AI20: 46076.723 | AJ20: ALEJANDRO MENDEZ | AK20: SERGIO SANTANA LEON | AL20: 46069.37 | AM20: ALBAAN | AN20: 60UH3B | AO20: 610YG8 | AP20: =IF(ISNUMBER(FIND("C",R20)),"C","V") -> C
A21: FULL CORDOBA | B21: F | C21: 4 | D21: C | E21: MROCIO | F21: 17969 | G21: 46068 | H21: 46068.125 | I21: 46068.125 | J21: 46068.375 | K21: TRA-252 | L21: 00796 | M21: VARGAS MARTINEZ, ERIK JULIO | N21: WALMART PUEBLA | O21: CDCH-HUBP | P21: CHALCO DE DIAZ COVARRUBIAS, EDO. DE MEXICO | Q21: CUAUTLANCINGO, PUEBLA | R21: 604944-C | S21: 23296920 | T21: 97.5 | U21: 0 | V21: 1308835-3318828-1308836 | W21: 0 | X21: FWCH-0115734 | Y21: 2797.82 | Z21: 624.98 | AA21: 1143.53 | AB21: 1029.31 | AC21: 0 | AD21: 111 | AG21: 1 | AH21: 1 | AI21: 46076.724 | AJ21: ALEJANDRO MENDEZ | AK21: ERIK JULIO VARGAS MARTINEZ | AL21: 46069.206 | AM21: CARLOSPC | AN21: 194YJ3 | AO21: 47UH1B | AP21: =IF(ISNUMBER(FIND("C",R21)),"C","V") -> C
A22: CUAUTI | B22: F | C22: 4 | D22: C | E22: MROCIO | F22: 17971 | G22: 46068 | H22: 46068.125 | I22: 46068.125 | J22: 46068.375 | K22: TOC-35 | L22: 00141 | M22: JIMENEZ DIAZ, VICTOR MANUEL | N22: WALMART PUEBLA | O22: CDCH-HUBP | P22: CHALCO DE DIAZ COVARRUBIAS, EDO. DE MEXICO | Q22: CUAUTLANCINGO, PUEBLA | R22: 604947-C | S22: 23296915 | T22: 97.5 | U22: 0 | V22: 1308882-3318829-1308975-3318886 | W22: 0 | X22: FWCH-0115731 | Y22: 2797.82 | Z22: 624.98 | AA22: 1143.53 | AB22: 1029.31 | AC22: 0 | AD22: 37 | AG22: 1 | AH22: 1 | AI22: 46077.406 | AJ22: ALEJANDRO MENDEZ | AK22: VICTOR MANUEL JIMENEZ DIAZ | AL22: 46069.069 | AM22: CARLOSPC | AN22: 675YF9 | AO22: 23YA4H | AP22: =IF(ISNUMBER(FIND("C",R22)),"C","V") -> C
A23: FULL CORDOBA | B23: F | C23: 4 | D23: C | E23: CMARTINEZ | F23: 18535 | G23: 46069 | H23: 46069 | I23: 46069 | J23: 46069 | K23: TRA-369 | L23: 01849 | M23: PONCE GALINDO, SANTOS | N23: WALMART PUEBLA | O23: HUBP-CDCH | P23: PUEBLA, PUEBLA | Q23: CHALCO DE DIAZ COVARRUBIAS, EDO. DE MEXICO | R23: 604832-V | S23: 23306693 | T23: 96.4 | U23: 0 | W23: 0 | X23: FWP-0241487 | Y23: 2770.07 | Z23: 617.92 | AA23: 1122.84 | AB23: 1029.31 | AC23: 0 | AD23: 61 | AG23: 1 | AH23: 1 | AI23: 46076.683 | AJ23: ALEJANDRO MENDEZ | AK23: SANTOS PONCE GALINDO | AL23: 46072.111 | AM23: JUANMGC | AP23: =IF(ISNUMBER(FIND("C",R23)),"C","V") -> V
A24: FULL CORDOBA | B24: F | C24: 4 | D24: C | E24: CMARTINEZ | F24: 18533 | G24: 46069 | H24: 46069.125 | I24: 46069.125 | J24: 46069.375 | K24: TRA-369 | L24: 01849 | M24: PONCE GALINDO, SANTOS | N24: WALMART PUEBLA | O24: CDCH-HUBP | P24: CHALCO DE DIAZ COVARRUBIAS, EDO. DE MEXICO | Q24: CUAUTLANCINGO, PUEBLA | R24: 604832-C | S24: 23302520 | T24: 97.5 | U24: 0 | V24: 1310557-3319838-1310453 | W24: 0 | X24: FWCH-0115760 | Y24: 2797.75 | Z24: 624.98 | AA24: 1143.46 | AB24: 1029.31 | AC24: 0 | AD24: 119 | AG24: 1 | AH24: 1 | AI24: 46076.772 | AJ24: ALEJANDRO MENDEZ | AK24: SANTOS PONCE GALINDO | AL24: 46069.789 | AM24: CARLOSPC | AN24: 718YG4 | AO24: 21UG9M | AP24: =IF(ISNUMBER(FIND("C",R24)),"C","V") -> C
A25: FULL CORDOBA | B25: F | C25: 4 | D25: C | E25: MROCIO | F25: 18773 | G25: 46070 | H25: 46070 | I25: 46070 | J25: 46070 | K25: TRA-330 | L25: 01649 | M25: MUÑOZ AMAYO, GABRIEL | N25: WALMART PUEBLA | O25: HUBP-CDCH | P25: PUEBLA, PUEBLA | Q25: CHALCO DE DIAZ COVARRUBIAS, EDO. DE MEXICO | R25: 604732-V | S25: 23342461 | T25: 96.4 | U25: 0 | W25: 0 | X25: FWP-0242039 | Y25: 2769.18 | Z25: 617.92 | AA25: 1121.95 | AB25: 1029.31 | AC25: 0 | AD25: 80 | AG25: 0 | AH25: 0 | AI25: 46076.447 | AJ25: . | AK25: . | AL25: 46076.646 | AM25: ELIZAPALE | AP25: =IF(ISNUMBER(FIND("C",R25)),"C","V") -> V
A26: NO ESTA EN POOL PÉRO ES DE F PUEBLA | B26: F | C26: 4 | D26: C | E26: MANUELJ | F26: 18873 | G26: 46070 | H26: 46070 | I26: 46070 | J26: 46070 | K26: TRA-321 | L26: 00622 | M26: CASOLCO ZARCO, CARLOS ALEJANDRO | N26: WALMART PUEBLA | O26: HUBP-CDCH | P26: PUEBLA, PUEBLA | Q26: CHALCO DE DIAZ COVARRUBIAS, EDO. DE MEXICO | R26: 604664-V | S26: 23338834 | T26: 96.4 | U26: 0 | W26: 0 | X26: FWP-0242031 | Y26: 2770.59 | Z26: 617.92 | AA26: 1123.36 | AB26: 1029.31 | AC26: 0 | AD26: 75 | AG26: 0 | AH26: 0 | AI26: 46076.468 | AJ26: . | AK26: . | AL26: 46076.643 | AM26: ELIZAPALE | AN26: XXXX | AO26: XXXX | AP26: =IF(ISNUMBER(FIND("C",R26)),"C","V") -> V
A27: FULL CORDOBA | B27: F | C27: 4 | D27: C | E27: MANUELJ | F27: 18927 | G27: 46070 | H27: 46070 | I27: 46070 | J27: 46070 | K27: TRA-324 | L27: 01384 | M27: SANCHEZ TEZOCO, ANTONIO | N27: WALMART PUEBLA | O27: HUBP-CDCH | P27: PUEBLA, PUEBLA | Q27: CHALCO DE DIAZ COVARRUBIAS, EDO. DE MEXICO | R27: 604674-V | S27: 23338861 | T27: 96.4 | U27: 0 | W27: 0 | X27: FWP-0242108 | Y27: 2772.4 | Z27: 618.57 | AA27: 1124.52 | AB27: 1029.31 | AC27: 0 | AD27: 85 | AG27: 0 | AH27: 0 | AI27: 46076.468 | AJ27: . | AK27: . | AL27: 46076.8 | AM27: ELIZAPALE | AN27: XXXX | AO27: XXXX | AP27: =IF(ISNUMBER(FIND("C",R27)),"C","V") -> V
A28: FULL CORDOBA | B28: F | C28: 4 | D28: C | E28: MROCIO | F28: 18772 | G28: 46070 | H28: 46070.125 | I28: 46070.125 | J28: 46070.375 | K28: TRA-330 | L28: 01649 | M28: MUÑOZ AMAYO, GABRIEL | N28: WALMART PUEBLA | O28: CDCH-HUBP | P28: CHALCO DE DIAZ COVARRUBIAS, EDO. DE MEXICO | Q28: CUAUTLANCINGO, PUEBLA | R28: 604732-C | S28: 23305126 | T28: 97.5 | U28: 0 | V28: 1311078-1311079-1311081 | W28: 0 | X28: FWCH-0115868 | Y28: 2797.8 | Z28: 624.98 | AA28: 1143.51 | AB28: 1029.31 | AC28: 0 | AD28: 124 | AG28: 1 | AH28: 1 | AI28: 46079.399 | AJ28: SILVIA | AK28: GABRIEL MUÑOZ AMAYO | AL28: 46070.334 | AM28: ALBAAN | AN28: 719YG5 | AO28: 78UJ6J | AP28: =IF(ISNUMBER(FIND("C",R28)),"C","V") -> C
A29: NO ESTA EN POOL PÉRO ES DE F PUEBLA | B29: F | C29: 4 | D29: C | E29: MANUELJ | F29: 18872 | G29: 46070 | H29: 46070.125 | I29: 46070.125 | J29: 46070.375 | K29: TRA-321 | L29: 00622 | M29: CASOLCO ZARCO, CARLOS ALEJANDRO | N29: WALMART PUEBLA | O29: CDCH-HUBP | P29: CHALCO DE DIAZ COVARRUBIAS, EDO. DE MEXICO | Q29: CUAUTLANCINGO, PUEBLA | R29: 604664-C | S29: 23306590 | T29: 97.5 | U29: 0 | V29: 1311606-3318939 / 1311790-3320736 | W29: 0 | X29: FWCH-0115880 | Y29: 2797.8 | Z29: 624.98 | AA29: 1143.51 | AB29: 1029.31 | AC29: 0 | AD29: 140 | AG29: 1 | AH29: 1 | AI29: 46079.422 | AJ29: SILVIA | AK29: CARLOS ALEJANDRO CASOLCO ZARCO | AL29: 46070.671 | AM29: CARLOSPC | AN29: 317YH5 | AO29: 339YG4 | AP29: =IF(ISNUMBER(FIND("C",R29)),"C","V") -> C
A30: FULL CORDOBA | B30: F | C30: 4 | D30: C | E30: MANUELJ | F30: 18926 | G30: 46070 | H30: 46070.125 | I30: 46070.125 | J30: 46070.375 | K30: TRA-324 | L30: 01384 | M30: SANCHEZ TEZOCO, ANTONIO | N30: WALMART PUEBLA | O30: CDCH-HUBP | P30: CHALCO DE DIAZ COVARRUBIAS, EDO. DE MEXICO | Q30: CUAUTLANCINGO, PUEBLA | R30: 604674-C | S30: 23307883 | T30: 97.5 | U30: 0 | V30: 1311118-1311119 / 1311101-1311102 | W30: 0 | X30: FWCH-0115879 | Y30: 2797.8 | Z30: 624.98 | AA30: 1143.51 | AB30: 1029.31 | AC30: 0 | AD30: 134 | AG30: 1 | AH30: 1 | AI30: 46079.423 | AJ30: SILVIA | AK30: ANTONIO SANCHEZ TEZOCO | AL30: 46070.661 | AM30: CARLOSPC | AN30: 78UH9R | AO30: 168YF9 | AP30: =IF(ISNUMBER(FIND("C",R30)),"C","V") -> C
A31: FULL CORDOBA | B31: F | C31: 4 | D31: C | E31: MANUELJ | F31: 19284 | G31: 46071 | H31: 46071 | I31: 46071 | J31: 46071 | K31: TOC-358 | L31: 01179 | M31: GARCIA PICHARDO, JESUS EUGENIO | N31: WALMART PUEBLA | O31: HUBP-CDCH | P31: PUEBLA, PUEBLA | Q31: CHALCO DE DIAZ COVARRUBIAS, EDO. DE MEXICO | R31: 604531-V | S31: 23321686 | T31: 96.4 | U31: 0 | W31: 0 | X31: FWP-0242170 | Y31: 2770.18 | Z31: 617.92 | AA31: 1122.95 | AB31: 1029.31 | AC31: 0 | AG31: 0 | AH31: 0 | AI31: 46077.449 | AJ31: . | AK31: . | AL31: 46077.674 | AM31: ELIZAPALE | AN31: XXXX | AO31: XXXX | AP31: =IF(ISNUMBER(FIND("C",R31)),"C","V") -> V
A32: CUAUTI | B32: F | C32: 4 | D32: C | E32: MANUELJ | F32: 19477 | G32: 46071 | H32: 46071 | I32: 46071 | J32: 46071 | K32: TOC-35 | L32: 00141 | M32: JIMENEZ DIAZ, VICTOR MANUEL | N32: WALMART PUEBLA | O32: CDCH-HUBP | P32: CHALCO DE DIAZ COVARRUBIAS, EDO. DE MEXICO | Q32: CUAUTLANCINGO, PUEBLA | R32: 606019-C | S32: 23318185 | T32: 97.5 | U32: 0 | V32: 311773-3320779 / 1311689-3320758 | W32: 0 | X32: FWCH-0116004 | Y32: 2797.63 | Z32: 624.98 | AA32: 1143.34 | AB32: 1029.31 | AC32: 0 | AD32: 52 | AG32: 1 | AH32: 1 | AI32: 46078.731 | AJ32: SILVIA | AK32: VICTOR MANUEL JIMENEZ DIAZ | AL32: 46071.941 | AM32: JUANMGC | AN32: 27YA4H | AO32: 08UH1S | AP32: =IF(ISNUMBER(FIND("C",R32)),"C","V") -> C
A33: CUAUTI | B33: F | C33: 3 | D33: A | E33: MANUELJ | F33: 19478 | G33: 46071 | H33: 46071 | I33: 46071 | J33: 46071 | K33: TOC-35 | L33: 00141 | M33: JIMENEZ DIAZ, VICTOR MANUEL | N33: WALMART PUEBLA | O33: HUBP-CDCH | P33: PUEBLA, PUEBLA | Q33: CHALCO DE DIAZ COVARRUBIAS, EDO. DE MEXICO | R33: 606019-V | S33: 23342527 | T33: 96.4 | U33: 0 | W33: 0 | X33: FWP-0242051 | Y33: 2769.18 | Z33: 617.92 | AA33: 1121.95 | AB33: 1029.31 | AC33: 0 | AG33: 0 | AH33: 0 | AI33: 46076.452 | AJ33: . | AK33: . | AL33: 46076.65 | AM33: ELIZAPALE | AN33: XXXX | AO33: XXXX | AP33: =IF(ISNUMBER(FIND("C",R33)),"C","V") -> V
A34: FULL CORDOBA | B34: F | C34: 4 | D34: C | E34: MANUELJ | F34: 19282 | G34: 46071 | H34: 46071.125 | I34: 46071.125 | J34: 46071.375 | K34: TOC-358 | L34: 01179 | M34: GARCIA PICHARDO, JESUS EUGENIO | N34: WALMART PUEBLA | O34: CDCH-HUBP | P34: CHALCO DE DIAZ COVARRUBIAS, EDO. DE MEXICO | Q34: CUAUTLANCINGO, PUEBLA | R34: 604531-C | S34: 23314495 | T34: 97.5 | U34: 0 | V34: 1312439-1312440 / 1312446-1312447 | W34: 0 | X34: FWCH-0115943 | Y34: 2797.63 | Z34: 624.98 | AA34: 1143.34 | AB34: 1029.31 | AC34: 0 | AG34: 0 | AH34: 0 | AL34: 46071.539 | AM34: ELIZAPALE | AN34: 864YG5 | AO34: 73YA9C | AP34: =IF(ISNUMBER(FIND("C",R34)),"C","V") -> C
A35: FULL CORDOBA | B35: F | C35: 3 | D35: A | E35: CMARTINEZ | F35: 19625 | G35: 46072 | H35: 46072 | I35: 46072 | J35: 46072 | K35: TRA-252 | L35: 00796 | M35: VARGAS MARTINEZ, ERIK JULIO | N35: WALMART PUEBLA | O35: HUBP-CDCH | P35: PUEBLA, PUEBLA | Q35: CHALCO DE DIAZ COVARRUBIAS, EDO. DE MEXICO | R35: 606066-V | S35: 23342548 | T35: 96.4 | U35: 0 | W35: 0 | X35: FWP-0242053 | Y35: 2769.18 | Z35: 617.92 | AA35: 1121.95 | AB35: 1029.31 | AC35: 0 | AD35: 79 | AG35: 0 | AH35: 0 | AI35: 46076.453 | AJ35: . | AK35: . | AL35: 46076.651 | AM35: ELIZAPALE | AP35: =IF(ISNUMBER(FIND("C",R35)),"C","V") -> V
A36: FULL CORDOBA | B36: F | C36: 2 | D36: A | E36: CMARTINEZ | F36: 19628 | G36: 46072 | I36: 46072 | K36: TRA-255 | L36: 01875 | M36: SANTANA LEON, SERGIO | N36: WALMART PUEBLA | O36: HUBP-CDCH | P36: PUEBLA, PUEBLA | Q36: CHALCO DE DIAZ COVARRUBIAS, EDO. DE MEXICO | R36: 606069-V | S36: 23331134 | T36: 96.4 | U36: 0 | W36: 0 | X36: FWP-0242193 | Y36: 2770.59 | Z36: 617.92 | AA36: 1123.36 | AB36: 1029.31 | AC36: 0 | AD36: 69 | AG36: 0 | AH36: 0 | AI36: 46077.458 | AJ36: . | AK36: . | AL36: 46077.708 | AM36: ELIZAPALE | AP36: =IF(ISNUMBER(FIND("C",R36)),"C","V") -> V
A37: CUAUTI | B37: F | C37: 3 | D37: A | E37: MROCIO | F37: 19784 | G37: 46072 | H37: 46072 | I37: 46072 | J37: 46072 | K37: TOC-35 | L37: 00141 | M37: JIMENEZ DIAZ, VICTOR MANUEL | N37: WALMART PUEBLA | O37: HUBP-CDCH | P37: PUEBLA, PUEBLA | Q37: CHALCO DE DIAZ COVARRUBIAS, EDO. DE MEXICO | R37: 606146-V | S37: 23338944 | T37: 96.4 | U37: 0 | W37: 0 | X37: FWP-0242032 | Y37: 2770.59 | Z37: 617.92 | AA37: 1123.36 | AB37: 1029.31 | AC37: 0 | AD37: 79 | AG37: 1 | AH37: 1 | AI37: 46077.469 | AJ37: ALEJANDRO MENDEZ | AK37: VICTOR MANUEL JIMENEZ DIAZ | AL37: 46076.644 | AM37: ELIZAPALE | AN37: XXXX | AO37: XXXX | AP37: =IF(ISNUMBER(FIND("C",R37)),"C","V") -> V
A38: FULL CORDOBA | B38: F | C38: 3 | D38: A | E38: MANUELJ | F38: 19918 | G38: 46072 | H38: 46072 | I38: 46072 | J38: 46072 | K38: TOC-358 | L38: 01179 | M38: GARCIA PICHARDO, JESUS EUGENIO | N38: WALMART PUEBLA | O38: HUBP-CDCH | P38: PUEBLA, PUEBLA | Q38: CHALCO DE DIAZ COVARRUBIAS, EDO. DE MEXICO | R38: 606143-V | S38: 23345326 | T38: 96.4 | U38: 0 | W38: 0 | X38: FWP-0242104 | Y38: 2769.18 | Z38: 617.92 | AA38: 1121.95 | AB38: 1029.31 | AC38: 0 | AD38: 70 | AG38: 1 | AH38: 1 | AI38: 46077.469 | AJ38: ALEJANDRO MENDEZ | AK38: JESUS EUGENIO GARCIA PICHARDO | AL38: 46076.798 | AM38: ELIZAPALE | AN38: XXXX | AO38: XXXX | AP38: =IF(ISNUMBER(FIND("C",R38)),"C","V") -> V
A39: FULL CORDOBA | B39: F | C39: 4 | D39: C | E39: CMARTINEZ | F39: 19624 | G39: 46072 | H39: 46072.125 | I39: 46072.125 | J39: 46072.375 | K39: TRA-252 | L39: 00796 | M39: VARGAS MARTINEZ, ERIK JULIO | N39: WALMART PUEBLA | O39: CDCH-HUBP | P39: CHALCO DE DIAZ COVARRUBIAS, EDO. DE MEXICO | Q39: CUAUTLANCINGO, PUEBLA | R39: 606066-C | S39: 23320673 | T39: 97.5 | U39: 0 | V39: 1311373-3321643-1313429-3321609 | W39: 0 | X39: FWCH-0116114 | Y39: 2797.52 | Z39: 624.98 | AA39: 1143.23 | AB39: 1029.31 | AC39: 0 | AD39: 108 | AG39: 0 | AH39: 0 | AL39: 46072.473 | AM39: ALBAAN | AN39: 49UF4S | AO39: 320YD2 | AP39: =IF(ISNUMBER(FIND("C",R39)),"C","V") -> C
A40: FULL CORDOBA | B40: F | C40: 4 | D40: C | E40: CMARTINEZ | F40: 19627 | G40: 46072 | H40: 46072.125 | I40: 46072.125 | J40: 46072.375 | K40: TRA-255 | L40: 01875 | M40: SANTANA LEON, SERGIO | N40: WALMART PUEBLA | O40: CDCH-HUBP | P40: CHALCO DE DIAZ COVARRUBIAS, EDO. DE MEXICO | Q40: CUAUTLANCINGO, PUEBLA | R40: 606069-C | S40: 23320654 | T40: 97.5 | U40: 0 | V40: 1312515-1312516-1312594-1312595 | W40: 0 | X40: FWCH-0116115 | Y40: 2797.52 | Z40: 624.98 | AA40: 1143.23 | AB40: 1029.31 | AC40: 0 | AD40: 130 | AG40: 0 | AH40: 0 | AL40: 46072.526 | AM40: ALBAAN | AN40: 341YH5 | AO40: 867YG5 | AP40: =IF(ISNUMBER(FIND("C",R40)),"C","V") -> C
A41: CUAUTI | B41: F | C41: 4 | D41: C | E41: MROCIO | F41: 19783 | G41: 46072 | H41: 46072.125 | I41: 46072.125 | J41: 46072.375 | K41: TOC-35 | L41: 00141 | M41: JIMENEZ DIAZ, VICTOR MANUEL | N41: WALMART PUEBLA | O41: CDCH-HUBP | P41: CHALCO DE DIAZ COVARRUBIAS, EDO. DE MEXICO | Q41: CUAUTLANCINGO, PUEBLA | R41: 606146-C | S41: 23324808 | T41: 97.5 | U41: 0 | V41: 1313716-3322484-1313613-3322495 | W41: 0 | X41: FWCH-0116445 | Y41: 2797.16 | Z41: 624.98 | AA41: 1142.87 | AB41: 1029.31 | AC41: 0 | AD41: 116 | AG41: 1 | AH41: 1 | AI41: 46077.488 | AJ41: ALEJANDRO MENDEZ | AK41: VICTOR MANUEL JIMENEZ DIAZ | AL41: 46076.606 | AM41: JUANMGC | AN41: 856YG5 | AO41: 404YH5 | AP41: =IF(ISNUMBER(FIND("C",R41)),"C","V") -> C
A42: FULL CORDOBA | B42: F | C42: 4 | D42: C | E42: MANUELJ | F42: 19917 | G42: 46072 | H42: 46072.125 | I42: 46072.125 | J42: 46072.375 | K42: TOC-358 | L42: 01179 | M42: GARCIA PICHARDO, JESUS EUGENIO | N42: WALMART PUEBLA | O42: CDCH-HUBP | P42: CHALCO DE DIAZ COVARRUBIAS, EDO. DE MEXICO | Q42: CUAUTLANCINGO, PUEBLA | R42: 606143-C | S42: 23326760 | T42: 97.5 | U42: 0 | V42: 1312811-3321541 / 1312908-3321593 | W42: 0 | X42: FWCH-0116180 | Y42: 2797.93 | Z42: 624.98 | AA42: 1143.64 | AB42: 1029.31 | AC42: 0 | AD42: 128 | AG42: 1 | AH42: 1 | AI42: 46077.478 | AJ42: ALEJANDRO MENDEZ | AK42: JESUS EUGENIO GARCIA PICHARDO | AL42: 46073.068 | AM42: JUANMGC | AN42: 08YA8C | AO42: 876YG4 | AP42: =IF(ISNUMBER(FIND("C",R42)),"C","V") -> C
A43: FULL CORDOBA | B43: F | C43: 2 | D43: A | E43: MROCIO | F43: 20036 | G43: 46073 | I43: 46073 | K43: TRA-330 | L43: 01649 | M43: MUÑOZ AMAYO, GABRIEL | N43: WALMART PUEBLA | O43: CDCH-HUBP | P43: CHALCO DE DIAZ COVARRUBIAS, EDO. DE MEXICO | Q43: CUAUTLANCINGO, PUEBLA | R43: 606249-C | S43: 23329638 | T43: 97.5 | U43: 0 | V43: 1313589-3321639-1313584-3321640 | W43: 0 | X43: FWCH-0116208 | Y43: 2797.93 | Z43: 624.98 | AA43: 1143.64 | AB43: 1029.31 | AC43: 0 | AD43: 141 | AG43: 0 | AH43: 0 | AL43: 46073.603 | AM43: CARLOSPC | AN43: 974XT7 | AO43: 14UG8M | AP43: =IF(ISNUMBER(FIND("C",R43)),"C","V") -> C
A44: FULL CORDOBA | B44: F | C44: 3 | D44: A | E44: MROCIO | F44: 20037 | G44: 46073 | H44: 46073 | I44: 46073 | J44: 46073 | K44: TRA-330 | L44: 01649 | M44: MUÑOZ AMAYO, GABRIEL | N44: WALMART PUEBLA | O44: HUBP-CDCH | P44: PUEBLA, PUEBLA | Q44: CHALCO DE DIAZ COVARRUBIAS, EDO. DE MEXICO | R44: 606249-V | S44: 23338179 | T44: 96.4 | U44: 0 | W44: 0 | X44: FWP-0242034 | Y44: 2769.18 | Z44: 617.92 | AA44: 1121.95 | AB44: 1029.31 | AC44: 0 | AD44: 76 | AG44: 0 | AH44: 0 | AI44: 46076.461 | AJ44: . | AK44: . | AL44: 46076.645 | AM44: ELIZAPALE | AP44: =IF(ISNUMBER(FIND("C",R44)),"C","V") -> V
A45: NO ESTA EN POOL PÉRO ES DE F PUEBLA | B45: F | C45: 2 | D45: A | E45: MANUELJ | F45: 20295 | G45: 46073 | I45: 46073 | K45: TRA-321 | L45: 00622 | M45: CASOLCO ZARCO, CARLOS ALEJANDRO | N45: WALMART PUEBLA | O45: CDCH-HUBP | P45: CHALCO DE DIAZ COVARRUBIAS, EDO. DE MEXICO | Q45: CUAUTLANCINGO, PUEBLA | R45: 606352-C | S45: 23333644 | T45: 97.5 | U45: 0 | V45: 1313676 / 1313938-3321586 | W45: 0 | X45: FWCH-0116320 | Y45: 2797.93 | Z45: 624.98 | AA45: 1143.64 | AB45: 1029.31 | AC45: 0 | AD45: 216 | AG45: 0 | AH45: 0 | AL45: 46074.479 | AM45: ELIZAPALE | AN45: 507YF4 | AO45: 97UG7M | AP45: =IF(ISNUMBER(FIND("C",R45)),"C","V") -> C
A46: NO ESTA EN POOL PÉRO ES DE F PUEBLA | B46: F | C46: 2 | D46: A | E46: MANUELJ | F46: 20296 | G46: 46073 | I46: 46073 | K46: TRA-321 | L46: 00622 | M46: CASOLCO ZARCO, CARLOS ALEJANDRO | N46: WALMART PUEBLA | O46: HUBP-CDCH | P46: PUEBLA, PUEBLA | Q46: CHALCO DE DIAZ COVARRUBIAS, EDO. DE MEXICO | R46: 606352-V | S46: 23338294 | T46: 96.4 | U46: 0 | W46: 0 | X46: FWP-0242355 | Y46: 2769.18 | Z46: 617.92 | AA46: 1121.95 | AB46: 1029.31 | AC46: 0 | AD46: 68 | AG46: 0 | AH46: 0 | AI46: 46077.778 | AJ46: . | AK46: . | AL46: 46078.747 | AM46: ELIZAPALE | AN46: XXXX | AO46: XXXX | AP46: =IF(ISNUMBER(FIND("C",R46)),"C","V") -> V
A47: FULL CORDOBA | B47: F | C47: 2 | D47: A | E47: MANUELJ | F47: 20297 | G47: 46073 | I47: 46073 | K47: TRA-255 | L47: 01875 | M47: SANTANA LEON, SERGIO | N47: WALMART PUEBLA | O47: CDCH-HUBP | P47: CHALCO DE DIAZ COVARRUBIAS, EDO. DE MEXICO | Q47: CUAUTLANCINGO, PUEBLA | R47: 606299-C | S47: 23333637 | T47: 97.5 | U47: 0 | V47: 13136973-3322434 / 1313677 | W47: 0 | X47: FWCH-0116309 | Y47: 2797.93 | Z47: 624.98 | AA47: 1143.64 | AB47: 1029.31 | AC47: 0 | AD47: 191 | AG47: 0 | AH47: 0 | AL47: 46074.064 | AM47: JUANMGC | AN47: 954YG3 | AO47: 650YD7 | AP47: =IF(ISNUMBER(FIND("C",R47)),"C","V") -> C
A48: FULL CORDOBA | B48: F | C48: 2 | D48: A | E48: MANUELJ | F48: 20298 | G48: 46073 | I48: 46073 | K48: TRA-255 | L48: 01875 | M48: SANTANA LEON, SERGIO | N48: WALMART PUEBLA | O48: HUBP-CDCH | P48: PUEBLA, PUEBLA | Q48: CHALCO DE DIAZ COVARRUBIAS, EDO. DE MEXICO | R48: 606299-V | S48: 23338292 | T48: 96.4 | U48: 0 | W48: 0 | X48: FWP-0242354 | Y48: 2769.18 | Z48: 617.92 | AA48: 1121.95 | AB48: 1029.31 | AC48: 0 | AD48: 106 | AG48: 0 | AH48: 0 | AI48: 46077.778 | AJ48: . | AK48: . | AL48: 46078.747 | AM48: ELIZAPALE | AN48: XXXX | AO48: XXXX | AP48: =IF(ISNUMBER(FIND("C",R48)),"C","V") -> V
A49: FULL CORDOBA | B49: F | C49: 2 | D49: A | E49: MROCIO | F49: 20627 | G49: 46074 | I49: 46074 | K49: TOC-358 | L49: 01179 | M49: GARCIA PICHARDO, JESUS EUGENIO | N49: WALMART PUEBLA | O49: CDCH-HUBP | P49: CHALCO DE DIAZ COVARRUBIAS, EDO. DE MEXICO | Q49: CUAUTLANCINGO, PUEBLA | R49: 606474-C | S49: 23340754 | T49: 97.5 | U49: 0 | V49: 1315760-3323291-1315702-3323235 | W49: 0 | X49: FWCH-0116408 | Y49: 2796.62 | Z49: 624.98 | AA49: 1142.33 | AB49: 1029.31 | AC49: 0 | AD49: 290 | AG49: 0 | AH49: 0 | AL49: 46075.09 | AM49: JUANMGC | AN49: 28YA4H | AO49: 883YG5 | AP49: =IF(ISNUMBER(FIND("C",R49)),"C","V") -> C
A50: FULL CORDOBA | B50: F | C50: 2 | D50: A | E50: MROCIO | F50: 20628 | G50: 46074 | I50: 46074 | K50: TOC-358 | L50: 01179 | M50: GARCIA PICHARDO, JESUS EUGENIO | N50: WALMART PUEBLA | O50: HUBP-CDCH | P50: PUEBLA, PUEBLA | Q50: CHALCO DE DIAZ COVARRUBIAS, EDO. DE MEXICO | R50: 606474-V | S50: 23342711 | T50: 96.4 | U50: 0 | V50: 606474-V | W50: 0 | Y50: 0 | Z50: 617.92 | AA50: 1121.95 | AB50: 1029.31 | AC50: 0 | AD50: 94 | AG50: 0 | AH50: 0 | AI50: 46079.451 | AJ50: . | AK50: . | AN50: 62UH1S | AO50: 498YF4 | AP50: =IF(ISNUMBER(FIND("C",R50)),"C","V") -> V
A51: CUAUTI | B51: F | C51: 2 | D51: A | E51: MROCIO | F51: 20629 | G51: 46074 | I51: 46074 | K51: TOC-35 | L51: 00141 | M51: JIMENEZ DIAZ, VICTOR MANUEL | N51: WALMART PUEBLA | O51: CDCH-HUBP | P51: CHALCO DE DIAZ COVARRUBIAS, EDO. DE MEXICO | Q51: CUAUTLANCINGO, PUEBLA | R51: 606471-C | S51: 23340732 | T51: 97.5 | U51: 0 | V51: 1315764-1315296-3324050 | W51: 0 | X51: FWCH-0116405 | Y51: 2797.16 | Z51: 624.98 | AA51: 1142.87 | AB51: 1029.31 | AC51: 0 | AD51: 150 | AG51: 0 | AH51: 0 | AL51: 46075.06 | AM51: JUANMGC | AN51: 393YG5 | AO51: 78UG1N | AP51: =IF(ISNUMBER(FIND("C",R51)),"C","V") -> C
A52: CUAUTI | B52: F | C52: 2 | D52: A | E52: MROCIO | F52: 20630 | G52: 46074 | I52: 46074 | K52: TOC-35 | L52: 00141 | M52: JIMENEZ DIAZ, VICTOR MANUEL | N52: WALMART PUEBLA | O52: HUBP-CDCH | P52: PUEBLA, PUEBLA | Q52: CHALCO DE DIAZ COVARRUBIAS, EDO. DE MEXICO | R52: 606471-V | S52: 23342707 | T52: 96.4 | U52: 0 | W52: 0 | Y52: 0 | Z52: 617.92 | AA52: 1121.95 | AB52: 1029.31 | AC52: 0 | AD52: 77 | AG52: 0 | AH52: 0 | AI52: 46079.451 | AJ52: . | AK52: . | AN52: XXXX | AO52: XXXX | AP52: =IF(ISNUMBER(FIND("C",R52)),"C","V") -> V
A53: NO ESTA EN POOL PÉRO ES DE F PUEBLA | B53: F | C53: 2 | D53: A | E53: MANUELJ | F53: 20958 | G53: 46076 | I53: 46076 | K53: TRA-238 | L53: 01469 | M53: LOPEZ GARCIA, ARTURO JESUS | N53: WALMART PUEBLA | O53: CDCH-HUBP | P53: CHALCO DE DIAZ COVARRUBIAS, EDO. DE MEXICO | Q53: CUAUTLANCINGO, PUEBLA | R53: 606543-C | S53: 23347217 | T53: 97.5 | U53: 0 | V53: 1315284 / 1315272-3314066 | W53: 0 | X53: FWCH-0116442 | Y53: 2796.56 | Z53: 624.98 | AA53: 1142.27 | AB53: 1029.31 | AC53: 0 | AD53: 83 | AG53: 0 | AH53: 0 | AL53: 46076.581 | AM53: ALBAAN | AN53: 84UJ7J | AO53: 58UH9X | AP53: =IF(ISNUMBER(FIND("C",R53)),"C","V") -> C
A54: NO ESTA EN POOL PÉRO ES DE F PUEBLA | B54: F | C54: 2 | D54: A | E54: MANUELJ | F54: 20959 | G54: 46076 | I54: 46076 | K54: TRA-238 | L54: 01469 | M54: LOPEZ GARCIA, ARTURO JESUS | N54: WALMART PUEBLA | O54: HUBP-CDCH | P54: PUEBLA, PUEBLA | Q54: CHALCO DE DIAZ COVARRUBIAS, EDO. DE MEXICO | R54: 606543-V | S54: 23355033 | T54: 96.4 | U54: 0 | W54: 0 | Y54: 0 | Z54: 0 | AA54: 0 | AB54: 0 | AC54: 0 | AD54: 333 | AG54: 0 | AH54: 0 | AI54: 46079.453 | AJ54: . | AK54: . | AN54: XXXX | AO54: XXXX | AP54: =IF(ISNUMBER(FIND("C",R54)),"C","V") -> V
A55: CUAUTI | B55: F | C55: 2 | D55: A | E55: MROCIO | F55: 22291 | G55: 46079 | I55: 46079 | K55: TOC-35 | L55: 00141 | M55: JIMENEZ DIAZ, VICTOR MANUEL | N55: WALMART PUEBLA | O55: CDCH-HUBP | P55: CHALCO DE DIAZ COVARRUBIAS, EDO. DE MEXICO | Q55: CUAUTLANCINGO, PUEBLA | R55: 605045-C | S55: 23367500 | T55: 97.5 | U55: 0 | V55: 1318712-1318713-1318696-1318697 | W55: 0 | Y55: 0 | Z55: 0 | AA55: 0 | AB55: 0 | AC55: 0 | AG55: 0 | AH55: 0 | AN55: 50UF3S | AO55: 921YG3 | AP55: =IF(ISNUMBER(FIND("C",R55)),"C","V") -> C
A56: CUAUTI | B56: F | C56: 2 | D56: A | E56: MROCIO | F56: 22292 | G56: 46079 | I56: 46079 | K56: TOC-35 | L56: 00141 | M56: JIMENEZ DIAZ, VICTOR MANUEL | N56: WALMART PUEBLA | O56: HUBP-CDCH | P56: PUEBLA, PUEBLA | Q56: CHALCO DE DIAZ COVARRUBIAS, EDO. DE MEXICO | R56: 605045-V | T56: 96.4 | U56: 0 | W56: 0 | Y56: 0 | Z56: 0 | AA56: 0 | AB56: 0 | AC56: 0 | AG56: 0 | AH56: 0 | AP56: =IF(ISNUMBER(FIND("C",R56)),"C","V") -> V
A57: FULL CORDOBA | B57: F | C57: 2 | D57: A | E57: MROCIO | F57: 22297 | G57: 46079 | I57: 46079 | K57: ELM-280 | L57: 01875 | M57: SANTANA LEON, SERGIO | N57: WALMART PUEBLA | O57: CDCH-HUBP | P57: CHALCO DE DIAZ COVARRUBIAS, EDO. DE MEXICO | Q57: CUAUTLANCINGO, PUEBLA | R57: 605042-C | S57: 23367706 | T57: 97.5 | U57: 0 | V57: 1317817-1317937-3326207 | W57: 0 | X57: FWCH-0116803 | Y57: 2796.27 | Z57: 624.98 | AA57: 1141.98 | AB57: 1029.31 | AC57: 0 | AG57: 0 | AH57: 0 | AL57: 46079.443 | AM57: ALBAAN | AN57: 96UG8M | AO57: 76UH3B | AP57: =IF(ISNUMBER(FIND("C",R57)),"C","V") -> C
A58: FULL CORDOBA | B58: F | C58: 2 | D58: A | E58: MROCIO | F58: 22298 | G58: 46079 | I58: 46079 | K58: ELM-280 | L58: 01875 | M58: SANTANA LEON, SERGIO | N58: WALMART PUEBLA | O58: HUBP-CDCH | P58: PUEBLA, PUEBLA | Q58: CHALCO DE DIAZ COVARRUBIAS, EDO. DE MEXICO | R58: 605042-V | T58: 96.4 | U58: 0 | W58: 0 | Y58: 0 | Z58: 0 | AA58: 0 | AB58: 0 | AC58: 0 | AG58: 0 | AH58: 0 | AP58: =IF(ISNUMBER(FIND("C",R58)),"C","V") -> V
B59: F | C59: 2 | D59: A | E59: MROCIO | F59: 22324 | G59: 46079 | I59: 46079 | K59: TRA-238 | L59: 01469 | M59: LOPEZ GARCIA, ARTURO JESUS | N59: WALMART PUEBLA | O59: CDCH-HUBP | P59: CHALCO DE DIAZ COVARRUBIAS, EDO. DE MEXICO | Q59: CUAUTLANCINGO, PUEBLA | R59: 605049-C | T59: 97.5 | U59: 0 | V59: 1318012-1318198 | W59: 0 | Y59: 0 | Z59: 0 | AA59: 0 | AB59: 0 | AC59: 0 | AG59: 0 | AH59: 0 | AN59: 76YA5A | AO59: 02YA6A | AP59: =IF(ISNUMBER(FIND("C",R59)),"C","V") -> C
B60: F | C60: 2 | D60: A | E60: MROCIO | F60: 22325 | G60: 46079 | I60: 46079 | K60: TRA-238 | L60: 01469 | M60: LOPEZ GARCIA, ARTURO JESUS | N60: WALMART PUEBLA | O60: HUBP-CDCH | P60: PUEBLA, PUEBLA | Q60: CHALCO DE DIAZ COVARRUBIAS, EDO. DE MEXICO | R60: 605049-V | T60: 96.4 | U60: 0 | W60: 0 | Y60: 0 | Z60: 0 | AA60: 0 | AB60: 0 | AC60: 0 | AG60: 0 | AH60: 0 | AP60: =IF(ISNUMBER(FIND("C",R60)),"C","V") -> V

Sheet RESUMEN 2
B2: UNIDADES SENCILLO EN VIAJES FULL | L2: RESOPE: | M2: ES EL PROGRAMA COMPARTIDO POR SISTEMAS PARA LLEVAR EL CONTROL DE LA ASISTENCIA DE LAS UNIDADES.
B3: UNIDAD | C3: VIAJES FULL CARGADOS | D3: COMENTARIOS
B4: TRA-321 | C4: =+COUNTIFS('S-FULL'!$K$3:$K$60,'RESUMEN 2'!B4,'S-FULL'!$AP$3:$AP$60,"C") -> 4 | D4: UNIDAD NO ES DEL CIRCUITO WALMART
B5: TRA-238 | C5: =+COUNTIFS('S-FULL'!$K$3:$K$60,'RESUMEN 2'!B5,'S-FULL'!$AP$3:$AP$60,"C") -> 3 | D5: TIENE ASISTENCIA EN RESOPE, PERO NO VIENE EN EL POOL PROPORCIONADO.
B6: TRA-255 | C6: =+COUNTIFS('S-FULL'!$K$3:$K$60,'RESUMEN 2'!B6,'S-FULL'!$AP$3:$AP$60,"C") -> 4 | D6: UNIDAD FULL CORDOBA
B7: TRA-330 | C7: =+COUNTIFS('S-FULL'!$K$3:$K$60,'RESUMEN 2'!B7,'S-FULL'!$AP$3:$AP$60,"C") -> 3 | D7: UNIDAD FULL CORDOBA
B8: TRA-369 | C8: =+COUNTIFS('S-FULL'!$K$3:$K$60,'RESUMEN 2'!B8,'S-FULL'!$AP$3:$AP$60,"C") -> 2 | D8: UNIDAD NO ES DEL CIRCUITO WALMART
B9: TOC-358 | C9: =+COUNTIFS('S-FULL'!$K$3:$K$60,'RESUMEN 2'!B9,'S-FULL'!$AP$3:$AP$60,"C") -> 4 | D9: UNIDAD FULL CORDOBA
B10: TRA-252 | C10: =+COUNTIFS('S-FULL'!$K$3:$K$60,'RESUMEN 2'!B10,'S-FULL'!$AP$3:$AP$60,"C") -> 2 | D10: UNIDAD NO ES DEL CIRCUITO WALMART
B11: TOC-35 | C11: =+COUNTIFS('S-FULL'!$K$3:$K$60,'RESUMEN 2'!B11,'S-FULL'!$AP$3:$AP$60,"C") -> 5 | D11: LA UNIDAD ORIGINALMENTE ESTABA EN CUAUTITLAN PERO PASO A SER SUSTITUIDA POR TRA-216/ DE IGUAL MANERA NO PERTENECE ESTA UNIDAD AL POOL DE PUEBLA
B12: TRA-324 | C12: =+COUNTIFS('S-FULL'!$K$3:$K$60,'RESUMEN 2'!B12,'S-FULL'!$AP$3:$AP$60,"C") -> 1 | D12: UNIDAD FULL CORDOBA
B13: ELM-280 | C13: =+COUNTIFS('S-FULL'!$K$3:$K$60,'RESUMEN 2'!B13,'S-FULL'!$AP$3:$AP$60,"C") -> 1 | D13: UNIDAD FULL CORDOBA
A14: TOTALES | B14: =+COUNTA(B4:B13) -> 10 | C14: =+SUM(C4:C13) -> 29
F21: FOTO COMPARTIDA DE POOL PUEBLA FULL
